Platform,PostType,PostContent,PostTimestamp,Date,WeekdayType,Time,TimePeriods,Likes,Comments,Shares,Impressions,Reach, EngagementRate ,AudienceAge,AgeGroup
LinkedIn,Video,Section admit on time section mission key.,3/7/2024 23:49,3/7/2024 (Thursday),Weekday,23:49:22,Night,624,351,176,8842,2230,57.95,53,Senior Adults
LinkedIn,Image,Option resource street may north just economic.,3/7/2024 23:39,3/7/2024 (Thursday),Weekday,23:39:46,Night,154,196,184,7710,4827,32.88,57,Senior Adults
Twitter,Link,Daughter reflect significant finish.,3/7/2024 23:19,3/7/2024 (Thursday),Weekday,23:19:45,Night,708,495,42,5667,3582,59.52,65,Senior Adults
LinkedIn,Video,Them accept again physical poor wish.,3/7/2024 23:04,3/7/2024 (Thursday),Weekday,23:04:39,Night,37,170,108,4281,4178,25.87,59,Senior Adults
Instagram,Video,Think way star question cold century general control.,3/7/2024 22:52,3/7/2024 (Thursday),Weekday,22:52:44,Night,629,145,125,7353,4013,38.28,49,Senior Adults
LinkedIn,Video,Member admit follow defense choose show author.,3/7/2024 22:44,3/7/2024 (Thursday),Weekday,22:44:00,Night,18,440,111,6833,2802,43.89,41,Mature Adults
LinkedIn,Video,What research option course member make.,3/7/2024 22:39,3/7/2024 (Thursday),Weekday,22:39:26,Night,779,330,31,3692,3265,17.73,49,Senior Adults
Twitter,Image,Listen recently network while chance up strategy.,3/7/2024 22:26,3/7/2024 (Thursday),Weekday,22:26:38,Night,729,411,11,2750,921,147.15,36,Mature Adults
LinkedIn,Video,Season same yes way little.,3/7/2024 22:24,3/7/2024 (Thursday),Weekday,22:24:44,Night,487,460,102,9822,2164,93.85,47,Senior Adults
Facebook,Video,Course tend ability camera.,3/7/2024 22:14,3/7/2024 (Thursday),Weekday,22:14:39,Night,325,82,57,5425,3569,23.94,40,Mature Adults
Twitter,Link,Rather even southern night.,3/7/2024 22:06,3/7/2024 (Thursday),Weekday,22:06:24,Night,74,375,115,6196,3342,66.17,63,Senior Adults
LinkedIn,Video,Why officer available somebody response assume place.,3/7/2024 22:02,3/7/2024 (Thursday),Weekday,22:02:01,Night,167,301,160,3206,2195,20.62,45,Mature Adults
Twitter,Video,Seem team strong low school.,3/7/2024 21:53,3/7/2024 (Thursday),Weekday,21:53:44,Evening,540,66,127,6339,4446,11.58,20,Adolescent Adults
LinkedIn,Video,Bring early property part case.,3/7/2024 21:37,3/7/2024 (Thursday),Weekday,21:37:24,Evening,54,407,59,3879,2028,41.72,33,Mature Adults
LinkedIn,Link,Then throw require discuss consumer able letter.,3/7/2024 21:26,3/7/2024 (Thursday),Weekday,21:26:34,Evening,261,48,23,3930,2960,36.03,31,Mature Adults
Facebook,Image,Take wish official happen night party enough.,3/7/2024 21:22,3/7/2024 (Thursday),Weekday,21:22:16,Evening,434,146,121,6833,2189,55.38,49,Senior Adults
Twitter,Video,Around consumer computer everyone.,3/7/2024 21:00,3/7/2024 (Thursday),Weekday,21:00:24,Evening,705,84,57,6249,4860,24.76,30,Adolescent Adults
Facebook,Link,Carry radio knowledge already physical ability might.,3/7/2024 20:39,3/7/2024 (Thursday),Weekday,20:39:03,Evening,264,136,18,4116,1290,52.83,54,Senior Adults
LinkedIn,Video,Bed indeed itself quality huge television article other.,3/7/2024 20:36,3/7/2024 (Thursday),Weekday,20:36:09,Evening,887,38,65,6252,1894,92.49,42,Mature Adults
Twitter,Link,Help adult general executive face sure.,3/7/2024 20:14,3/7/2024 (Thursday),Weekday,20:14:48,Evening,816,388,17,5773,2669,32.96,18,Adolescent Adults
Instagram,Video,Social hospital standard.,3/7/2024 19:16,3/7/2024 (Thursday),Weekday,19:16:47,Evening,750,67,67,4104,2039,60.24,30,Adolescent Adults
Instagram,Image,New pull international investment form early establish bit.,3/7/2024 18:34,3/7/2024 (Thursday),Weekday,18:34:24,Evening,745,329,2,4290,2813,12.06,57,Senior Adults
LinkedIn,Video,Month material worker key.,3/7/2024 17:26,3/7/2024 (Thursday),Weekday,17:26:15,Afternoon,989,18,84,4166,818,75.72,21,Adolescent Adults
LinkedIn,Video,Reach degree decade air address near cause.,3/7/2024 17:20,3/7/2024 (Thursday),Weekday,17:20:18,Afternoon,349,452,8,2933,1400,16.83,37,Mature Adults
Twitter,Image,Mr herself table hot.,3/7/2024 17:08,3/7/2024 (Thursday),Weekday,17:08:51,Afternoon,907,192,42,5760,1425,84.11,64,Senior Adults
Facebook,Video,Political amount too continue weight.,3/7/2024 16:59,3/7/2024 (Thursday),Weekday,16:59:32,Afternoon,568,284,24,7088,2106,43.46,51,Senior Adults
Twitter,Link,Dog high room part sort head.,3/7/2024 16:53,3/7/2024 (Thursday),Weekday,16:53:39,Afternoon,270,4,32,7727,1158,78.74,37,Mature Adults
Twitter,Video,Trip morning before water activity purpose.,3/7/2024 16:37,3/7/2024 (Thursday),Weekday,16:37:03,Afternoon,787,315,34,7561,1161,69.16,63,Senior Adults
Facebook,Link,Gas reach type break clearly father itself success.,3/7/2024 16:34,3/7/2024 (Thursday),Weekday,16:34:43,Afternoon,991,368,94,3280,1999,11.12,53,Senior Adults
Instagram,Video,Else mouth suggest step.,3/7/2024 16:30,3/7/2024 (Thursday),Weekday,16:30:48,Afternoon,679,497,66,7143,2488,30.44,49,Senior Adults
LinkedIn,Video,Nothing fish determine.,3/7/2024 15:57,3/7/2024 (Thursday),Weekday,15:57:55,Afternoon,939,332,42,4621,1974,24.27,29,Adolescent Adults
Facebook,Link,Young stay everybody owner.,3/7/2024 15:45,3/7/2024 (Thursday),Weekday,15:45:10,Afternoon,736,116,40,9540,4244,36.46,44,Mature Adults
Twitter,Image,Nothing exactly nation hard sit.,3/7/2024 15:29,3/7/2024 (Thursday),Weekday,15:29:44,Afternoon,983,454,49,3659,1386,27.21,59,Senior Adults
LinkedIn,Link,But fire situation simply none gas.,3/7/2024 15:24,3/7/2024 (Thursday),Weekday,15:24:19,Afternoon,268,48,54,5450,4603,35.19,44,Mature Adults
Twitter,Image,Poor customer lawyer.,3/7/2024 15:21,3/7/2024 (Thursday),Weekday,15:21:02,Afternoon,521,441,12,6950,3207,43.5,50,Senior Adults
Facebook,Link,Word perhaps later arrive strong allow with everybody.,3/7/2024 14:33,3/7/2024 (Thursday),Weekday,14:33:21,Afternoon,452,102,117,3770,2102,24.95,51,Senior Adults
Facebook,Link,Range will firm wait dog.,3/7/2024 14:09,3/7/2024 (Thursday),Weekday,14:09:43,Afternoon,129,170,68,6629,841,42.06,40,Mature Adults
Instagram,Video,Cup network instead good trouble enjoy.,3/7/2024 13:28,3/7/2024 (Thursday),Weekday,13:28:19,Afternoon,164,298,200,2472,1168,30.26,19,Adolescent Adults
Facebook,Video,Back out both.,3/7/2024 13:18,3/7/2024 (Thursday),Weekday,13:18:35,Afternoon,595,479,26,6180,4506,37.6,46,Senior Adults
Facebook,Video,Network focus option good page somebody.,3/7/2024 12:23,3/7/2024 (Thursday),Weekday,12:23:34,Afternoon,255,22,166,7242,1177,30.15,44,Mature Adults
LinkedIn,Video,Force join machine.,3/7/2024 11:55,3/7/2024 (Thursday),Weekday,11:55:09,Morning,213,451,13,4637,2051,51.61,49,Senior Adults
Facebook,Link,Management method chance because want bill reality.,3/7/2024 11:53,3/7/2024 (Thursday),Weekday,11:53:39,Morning,322,430,27,4647,732,11.06,18,Adolescent Adults
LinkedIn,Image,Appear environmental between any might east.,3/7/2024 11:41,3/7/2024 (Thursday),Weekday,11:41:51,Morning,352,402,157,4683,3358,34.76,38,Mature Adults
Facebook,Video,Investment huge message upon job right quality.,3/7/2024 11:01,3/7/2024 (Thursday),Weekday,11:01:56,Morning,400,392,21,4629,4294,7.54,37,Mature Adults
Twitter,Link,Statement address office many.,3/7/2024 10:47,3/7/2024 (Thursday),Weekday,10:47:12,Morning,31,233,53,5277,4704,22.4,21,Adolescent Adults
LinkedIn,Image,Whatever I necessary least work suggest image.,3/7/2024 10:41,3/7/2024 (Thursday),Weekday,10:41:23,Morning,276,424,113,6526,1585,20.31,45,Mature Adults
Instagram,Image,Maybe avoid all future hospital letter home.,3/7/2024 10:24,3/7/2024 (Thursday),Weekday,10:24:23,Morning,395,51,102,4314,3495,34.92,38,Mature Adults
LinkedIn,Video,This page ahead.,3/7/2024 10:15,3/7/2024 (Thursday),Weekday,10:15:02,Morning,933,452,0,8875,3548,124.97,53,Senior Adults
LinkedIn,Video,You person news pressure show page.,3/7/2024 9:51,3/7/2024 (Thursday),Weekday,9:51:06,Morning,725,454,104,6209,4898,48.48,55,Senior Adults
Twitter,Video,Career financial contain road federal sure Congress.,3/7/2024 9:35,3/7/2024 (Thursday),Weekday,9:35:01,Morning,442,190,163,4411,3681,13,37,Mature Adults
Instagram,Link,Herself outside chair meeting involve mind let.,3/7/2024 9:29,3/7/2024 (Thursday),Weekday,9:29:26,Morning,713,115,23,5083,1239,16.88,58,Senior Adults
LinkedIn,Image,Peace shoulder cost.,3/7/2024 9:12,3/7/2024 (Thursday),Weekday,9:12:16,Morning,276,199,143,7642,4124,28.61,43,Mature Adults
Facebook,Video,Service party store eight world identify.,3/7/2024 9:06,3/7/2024 (Thursday),Weekday,9:06:59,Morning,132,101,64,8427,4054,16.49,59,Senior Adults
LinkedIn,Video,Successful design stock.,3/7/2024 9:03,3/7/2024 (Thursday),Weekday,9:03:29,Morning,889,134,142,6030,561,25.64,21,Adolescent Adults
Facebook,Video,Important ok this cold newspaper film hospital understand.,3/7/2024 8:50,3/7/2024 (Thursday),Weekday,8:50:45,Morning,915,362,2,7353,1632,11.22,23,Adolescent Adults
Facebook,Link,Agent do common good share.,3/7/2024 8:37,3/7/2024 (Thursday),Weekday,8:37:50,Morning,854,420,137,9185,4874,32.02,28,Adolescent Adults
Twitter,Image,Never surface same whose environment accept.,3/7/2024 8:22,3/7/2024 (Thursday),Weekday,8:22:55,Morning,808,5,47,4096,3398,17.41,61,Senior Adults
Instagram,Link,By challenge pass to sometimes share.,3/7/2024 8:07,3/7/2024 (Thursday),Weekday,8:07:35,Morning,255,22,30,3643,2073,32.4,21,Adolescent Adults
Instagram,Video,Individual woman treatment people century.,3/7/2024 7:37,3/7/2024 (Thursday),Weekday,7:37:57,Morning,574,241,3,3879,1342,52.27,36,Mature Adults
Twitter,Video,Each occur similar suddenly sound.,3/7/2024 7:27,3/7/2024 (Thursday),Weekday,7:27:51,Morning,859,188,110,9408,3495,45.75,27,Adolescent Adults
Facebook,Image,Remember improve finally blue change market account.,3/7/2024 6:59,3/7/2024 (Thursday),Weekday,6:59:33,Morning,638,39,178,3254,785,43.35,59,Senior Adults
Facebook,Link,Least almost bar at your girl successful language.,3/7/2024 6:46,3/7/2024 (Thursday),Weekday,6:46:40,Morning,464,127,195,6672,2498,38.25,31,Mature Adults
Facebook,Video,Enough government without either value lead.,3/7/2024 6:39,3/7/2024 (Thursday),Weekday,6:39:01,Morning,455,68,114,3723,3279,133.37,50,Senior Adults
LinkedIn,Image,Party property almost executive while for top.,3/7/2024 6:34,3/7/2024 (Thursday),Weekday,6:34:36,Morning,949,165,4,7642,4035,57.79,40,Mature Adults
Twitter,Link,Deal language beat lot behavior.,3/7/2024 6:34,3/7/2024 (Thursday),Weekday,6:34:09,Morning,998,330,69,9334,3526,80.07,19,Adolescent Adults
Facebook,Image,Low evidence allow rock network provide sound significant.,3/7/2024 6:27,3/7/2024 (Thursday),Weekday,6:27:14,Morning,103,301,99,4749,3271,41.6,39,Mature Adults
Instagram,Link,Evening accept factor happy whether.,3/7/2024 6:21,3/7/2024 (Thursday),Weekday,6:21:20,Morning,146,201,117,5176,2785,26.42,22,Adolescent Adults
Instagram,Image,Reality nature bill science.,3/7/2024 6:16,3/7/2024 (Thursday),Weekday,6:16:23,Morning,438,124,35,8236,711,97.85,23,Adolescent Adults
LinkedIn,Image,Put reality card while.,3/7/2024 6:08,3/7/2024 (Thursday),Weekday,6:08:55,Morning,221,59,16,4887,2250,72.69,43,Mature Adults
Instagram,Link,Bad difficult believe miss purpose through.,3/7/2024 5:19,3/7/2024 (Thursday),Weekday,5:19:15,Night,125,9,66,4923,3513,49.92,38,Mature Adults
LinkedIn,Image,Analysis art ahead sure fly plant sense argue.,3/7/2024 5:16,3/7/2024 (Thursday),Weekday,5:16:08,Night,297,427,182,5839,2795,66.51,38,Mature Adults
Facebook,Image,Treat current age center test run.,3/7/2024 5:12,3/7/2024 (Thursday),Weekday,5:12:30,Night,410,481,58,8622,1901,21.02,45,Mature Adults
Instagram,Video,Break production send year response field notice another.,3/7/2024 5:06,3/7/2024 (Thursday),Weekday,5:06:09,Night,374,376,123,6557,2142,107.22,34,Mature Adults
LinkedIn,Link,Fund before lawyer child culture impact can.,3/7/2024 4:38,3/7/2024 (Thursday),Weekday,4:38:50,Night,301,126,27,8432,2641,8.04,64,Senior Adults
Twitter,Image,Learn message strong.,3/7/2024 4:36,3/7/2024 (Thursday),Weekday,4:36:55,Night,364,79,8,5558,4054,30.37,57,Senior Adults
Facebook,Image,One staff capital though choice note chance.,3/7/2024 4:31,3/7/2024 (Thursday),Weekday,4:31:06,Night,905,461,108,4663,3016,31.92,29,Adolescent Adults
Instagram,Link,Market effect that data word throw.,3/7/2024 4:25,3/7/2024 (Thursday),Weekday,4:25:00,Night,16,239,152,8074,987,43.64,25,Adolescent Adults
Facebook,Image,Focus wall think manage kind environment place free.,3/7/2024 4:14,3/7/2024 (Thursday),Weekday,4:14:11,Night,156,476,199,7151,4866,56.68,34,Mature Adults
LinkedIn,Image,Home parent certainly car carry discover.,3/7/2024 4:06,3/7/2024 (Thursday),Weekday,4:06:08,Night,651,374,168,2164,1463,24.41,34,Mature Adults
Instagram,Link,Once board whom over add.,3/7/2024 3:47,3/7/2024 (Thursday),Weekday,3:47:08,Night,169,408,193,4686,2669,37.64,27,Adolescent Adults
Facebook,Link,Think song along bank want science.,3/7/2024 3:25,3/7/2024 (Thursday),Weekday,3:25:13,Night,893,61,195,1534,1313,33.01,41,Mature Adults
Facebook,Image,Arm music win face agency maintain particularly.,3/7/2024 2:55,3/7/2024 (Thursday),Weekday,2:55:40,Night,896,446,159,4839,2980,106.42,48,Senior Adults
Instagram,Link,Toward city again whole establish east generation point.,3/7/2024 2:37,3/7/2024 (Thursday),Weekday,2:37:43,Night,847,302,97,3341,1236,27.13,52,Senior Adults
Instagram,Video,Military beautiful quality official cell carry rule also.,3/7/2024 2:22,3/7/2024 (Thursday),Weekday,2:22:15,Night,92,336,79,2184,1767,18.93,55,Senior Adults
Twitter,Image,Subject develop win we.,3/7/2024 2:00,3/7/2024 (Thursday),Weekday,2:00:07,Night,726,111,20,5764,1677,6.74,33,Mature Adults
Instagram,Link,Nice young strong road.,3/7/2024 1:48,3/7/2024 (Thursday),Weekday,1:48:27,Night,206,25,31,6692,507,51.29,64,Senior Adults
LinkedIn,Link,Bit or however also majority.,3/7/2024 1:38,3/7/2024 (Thursday),Weekday,1:38:14,Night,345,103,51,9252,2675,15.68,47,Senior Adults
Instagram,Image,Doctor learn bar kid appear.,3/7/2024 1:19,3/7/2024 (Thursday),Weekday,1:19:12,Night,362,24,95,6910,2919,39.04,44,Mature Adults
Twitter,Video,Help travel interview address finally way house.,3/7/2024 1:16,3/7/2024 (Thursday),Weekday,1:16:39,Night,639,250,94,5043,4690,26.19,61,Senior Adults
Facebook,Link,Democrat machine enter edge resource.,3/7/2024 1:14,3/7/2024 (Thursday),Weekday,1:14:52,Night,196,418,143,5403,1302,21.6,54,Senior Adults
Twitter,Video,Interest child when suggest.,3/7/2024 0:32,3/7/2024 (Thursday),Weekday,0:32:08,Night,87,106,26,5214,3453,68.68,51,Senior Adults
LinkedIn,Video,Mouth though it.,3/7/2024 0:25,3/7/2024 (Thursday),Weekday,0:25:13,Night,91,198,97,4958,3667,14.99,23,Adolescent Adults
Facebook,Image,Explain total fear Mrs full.,3/6/2024 23:58,3/6/2024 (Wednesday),Weekday,23:58:45,Night,863,25,196,7625,3010,7.33,45,Mature Adults
Instagram,Image,Pressure life take black state democratic girl.,3/6/2024 23:48,3/6/2024 (Wednesday),Weekday,23:48:31,Night,123,283,113,4881,1071,207.66,50,Senior Adults
Facebook,Link,Young even under.,3/6/2024 23:35,3/6/2024 (Wednesday),Weekday,23:35:34,Night,518,240,197,2823,1940,78.37,22,Adolescent Adults
Instagram,Image,Sea owner question would exactly hear think.,3/6/2024 23:28,3/6/2024 (Wednesday),Weekday,23:28:11,Night,171,68,149,3116,2364,28.95,55,Senior Adults
Instagram,Video,Season song carry shake.,3/6/2024 22:20,3/6/2024 (Wednesday),Weekday,22:20:41,Night,159,209,116,6888,1191,25.31,33,Mature Adults
Facebook,Image,Foreign effort factor then.,3/6/2024 21:45,3/6/2024 (Wednesday),Weekday,21:45:51,Evening,945,323,137,6410,4338,14.81,26,Adolescent Adults
Instagram,Link,Teacher against without defense each discover.,3/6/2024 21:17,3/6/2024 (Wednesday),Weekday,21:17:28,Evening,287,279,16,5248,2816,60.95,23,Adolescent Adults
Twitter,Image,Sit executive magazine.,3/6/2024 20:58,3/6/2024 (Wednesday),Weekday,20:58:50,Evening,804,418,0,5538,4756,33.1,39,Mature Adults
Twitter,Link,Senior growth pay son million yes of common.,3/6/2024 20:58,3/6/2024 (Wednesday),Weekday,20:58:45,Evening,645,365,11,9795,1558,108.92,25,Adolescent Adults
Twitter,Link,Effect second loss next window fly idea.,3/6/2024 20:57,3/6/2024 (Wednesday),Weekday,20:57:40,Evening,244,253,198,5676,3451,31.47,43,Mature Adults
Twitter,Video,Plant wonder tell protect.,3/6/2024 20:39,3/6/2024 (Wednesday),Weekday,20:39:45,Evening,748,218,17,5940,4353,19.43,36,Mature Adults
Twitter,Image,Research pay local news all.,3/6/2024 20:33,3/6/2024 (Wednesday),Weekday,20:33:38,Evening,759,485,33,5819,2555,27.71,33,Mature Adults
LinkedIn,Image,Detail society how road area table picture.,3/6/2024 20:26,3/6/2024 (Wednesday),Weekday,20:26:48,Evening,471,241,101,6821,2148,39.62,28,Adolescent Adults
Twitter,Video,Wonder whom individual story.,3/6/2024 19:58,3/6/2024 (Wednesday),Weekday,19:58:32,Evening,536,358,70,1694,547,15.38,47,Senior Adults
Facebook,Link,List authority audience life responsibility.,3/6/2024 19:25,3/6/2024 (Wednesday),Weekday,19:25:00,Evening,858,281,74,5701,2137,16.66,62,Senior Adults
LinkedIn,Link,Wind bill behavior.,3/6/2024 19:20,3/6/2024 (Wednesday),Weekday,19:20:24,Evening,5,405,83,4412,2404,83.97,60,Senior Adults
Instagram,Link,House down firm stock.,3/6/2024 18:56,3/6/2024 (Wednesday),Weekday,18:56:24,Evening,513,2,36,9294,900,13.16,23,Adolescent Adults
Facebook,Image,Event rise security senior day set.,3/6/2024 18:40,3/6/2024 (Wednesday),Weekday,18:40:54,Evening,127,205,76,3075,2587,5.69,25,Adolescent Adults
Twitter,Link,Senior past official college role adult edge like.,3/6/2024 18:33,3/6/2024 (Wednesday),Weekday,18:33:45,Evening,399,56,5,3210,2599,32.42,19,Adolescent Adults
Facebook,Image,Start name traditional use artist.,3/6/2024 18:08,3/6/2024 (Wednesday),Weekday,18:08:35,Evening,663,293,171,9923,1209,49.92,22,Adolescent Adults
Twitter,Link,Rock firm assume language.,3/6/2024 17:58,3/6/2024 (Wednesday),Weekday,17:58:25,Afternoon,988,269,198,3577,3285,40.76,47,Senior Adults
Twitter,Image,Camera part heavy among child share.,3/6/2024 17:56,3/6/2024 (Wednesday),Weekday,17:56:12,Afternoon,745,143,194,9038,4579,17.19,63,Senior Adults
Facebook,Image,Candidate garden five page avoid could.,3/6/2024 17:54,3/6/2024 (Wednesday),Weekday,17:54:56,Afternoon,908,284,121,2438,1142,11.12,65,Senior Adults
LinkedIn,Image,Account politics world bank.,3/6/2024 17:51,3/6/2024 (Wednesday),Weekday,17:51:49,Afternoon,48,204,11,8986,2344,48.87,47,Senior Adults
Twitter,Video,Cut politics hair.,3/6/2024 17:41,3/6/2024 (Wednesday),Weekday,17:41:52,Afternoon,470,248,88,5337,698,41.24,24,Adolescent Adults
Instagram,Image,Person letter little white.,3/6/2024 17:05,3/6/2024 (Wednesday),Weekday,17:05:25,Afternoon,734,8,91,9078,2302,17.08,44,Mature Adults
LinkedIn,Video,None man such resource else.,3/6/2024 17:05,3/6/2024 (Wednesday),Weekday,17:05:10,Afternoon,915,42,40,4289,635,81.54,39,Mature Adults
Twitter,Image,Sit case discover interview eat author believe.,3/6/2024 16:58,3/6/2024 (Wednesday),Weekday,16:58:18,Afternoon,775,271,38,3260,1668,28.85,61,Senior Adults
Twitter,Image,We race business trouble campaign certainly.,3/6/2024 16:02,3/6/2024 (Wednesday),Weekday,16:02:56,Afternoon,396,223,84,6994,3280,87.51,41,Mature Adults
Twitter,Video,Light accept decision grow air.,3/6/2024 15:51,3/6/2024 (Wednesday),Weekday,15:51:17,Afternoon,905,442,191,4279,2383,50.37,65,Senior Adults
Facebook,Video,Throw effort off morning hear wife generation.,3/6/2024 15:46,3/6/2024 (Wednesday),Weekday,15:46:35,Afternoon,439,219,161,6066,3416,100.81,24,Adolescent Adults
Twitter,Link,Play person success its share.,3/6/2024 15:45,3/6/2024 (Wednesday),Weekday,15:45:25,Afternoon,422,89,148,5709,3512,28.69,65,Senior Adults
Instagram,Link,Worry choose ball nature.,3/6/2024 15:35,3/6/2024 (Wednesday),Weekday,15:35:09,Afternoon,802,388,73,7256,4930,51.1,29,Adolescent Adults
LinkedIn,Video,Firm thousand current be late rule.,3/6/2024 15:20,3/6/2024 (Wednesday),Weekday,15:20:58,Afternoon,712,299,88,3366,1134,51.68,19,Adolescent Adults
Facebook,Video,Republican upon standard later.,3/6/2024 15:18,3/6/2024 (Wednesday),Weekday,15:18:05,Afternoon,70,444,23,4951,1673,18.65,38,Mature Adults
Facebook,Video,Throughout knowledge black need develop people.,3/6/2024 14:47,3/6/2024 (Wednesday),Weekday,14:47:37,Afternoon,979,0,36,9316,4484,16.48,46,Senior Adults
Twitter,Link,Particularly receive believe ago serious one.,3/6/2024 14:25,3/6/2024 (Wednesday),Weekday,14:25:00,Afternoon,693,133,143,8575,1924,20.96,34,Mature Adults
Twitter,Video,Step interview plan young.,3/6/2024 13:36,3/6/2024 (Wednesday),Weekday,13:36:21,Afternoon,503,396,108,6257,1733,58.14,63,Senior Adults
Twitter,Link,Popular make left him least.,3/6/2024 13:33,3/6/2024 (Wednesday),Weekday,13:33:28,Afternoon,890,210,129,6626,840,6.34,23,Adolescent Adults
Twitter,Link,Democratic cold food bit author no help.,3/6/2024 13:26,3/6/2024 (Wednesday),Weekday,13:26:41,Afternoon,783,402,163,6770,3646,10.53,40,Mature Adults
Twitter,Image,Responsibility that decide address.,3/6/2024 13:15,3/6/2024 (Wednesday),Weekday,13:15:34,Afternoon,449,500,81,5616,813,36.01,35,Mature Adults
LinkedIn,Video,To doctor strategy employee activity soldier decide read.,3/6/2024 13:08,3/6/2024 (Wednesday),Weekday,13:08:32,Afternoon,913,453,73,4756,3843,48.46,45,Mature Adults
LinkedIn,Video,Turn thank little none material price.,3/6/2024 13:05,3/6/2024 (Wednesday),Weekday,13:05:20,Afternoon,145,245,134,6599,2068,49.23,35,Mature Adults
Facebook,Video,Activity me less reveal number.,3/6/2024 12:46,3/6/2024 (Wednesday),Weekday,12:46:48,Afternoon,733,404,109,6972,1250,16.41,44,Mature Adults
Instagram,Link,Population still man near protect.,3/6/2024 12:43,3/6/2024 (Wednesday),Weekday,12:43:13,Afternoon,185,380,194,8127,3738,40.64,32,Mature Adults
Facebook,Link,So month audience response develop campaign.,3/6/2024 12:38,3/6/2024 (Wednesday),Weekday,12:38:49,Afternoon,364,470,166,1922,1534,32.39,20,Adolescent Adults
LinkedIn,Image,Lot fact interesting pretty same left play.,3/6/2024 12:03,3/6/2024 (Wednesday),Weekday,12:03:18,Afternoon,879,473,37,7418,3728,20.67,54,Senior Adults
Instagram,Link,Performance attention expect world person.,3/6/2024 11:31,3/6/2024 (Wednesday),Weekday,11:31:29,Morning,200,169,182,4780,2964,25.69,52,Senior Adults
Facebook,Image,Floor special matter material difference.,3/6/2024 11:25,3/6/2024 (Wednesday),Weekday,11:25:50,Morning,373,443,104,6490,4736,65.53,54,Senior Adults
LinkedIn,Video,Resource when shake mention.,3/6/2024 10:00,3/6/2024 (Wednesday),Weekday,10:00:31,Morning,752,83,109,9316,4399,20.14,42,Mature Adults
Instagram,Image,Data summer vote.,3/6/2024 9:51,3/6/2024 (Wednesday),Weekday,9:51:48,Morning,572,334,195,3846,2049,22.58,64,Senior Adults
LinkedIn,Video,Ability cover least international.,3/6/2024 9:12,3/6/2024 (Wednesday),Weekday,9:12:43,Morning,24,243,100,2160,1083,49.98,65,Senior Adults
Facebook,Video,Business can eight when arrive scene many.,3/6/2024 9:03,3/6/2024 (Wednesday),Weekday,9:03:03,Morning,482,92,60,3062,775,37.85,21,Adolescent Adults
Twitter,Video,Lose me window speak key add hospital maybe.,3/6/2024 8:50,3/6/2024 (Wednesday),Weekday,8:50:34,Morning,175,452,45,3885,3124,176.23,39,Mature Adults
Facebook,Image,Me someone position spend agreement toward fish.,3/6/2024 8:49,3/6/2024 (Wednesday),Weekday,8:49:01,Morning,181,249,153,8811,677,56.76,42,Mature Adults
Facebook,Video,Up east much today team degree investment.,3/6/2024 8:01,3/6/2024 (Wednesday),Weekday,8:01:08,Morning,475,289,14,5957,2203,20.51,24,Adolescent Adults
Twitter,Link,Food have white trade.,3/6/2024 7:33,3/6/2024 (Wednesday),Weekday,7:33:11,Morning,630,288,0,4669,3104,61.22,41,Mature Adults
Facebook,Video,Nature leave year plan specific long machine.,3/6/2024 6:36,3/6/2024 (Wednesday),Weekday,6:36:03,Morning,485,424,192,4940,555,15.77,30,Adolescent Adults
LinkedIn,Image,Teach about nation head.,3/6/2024 6:22,3/6/2024 (Wednesday),Weekday,6:22:04,Morning,611,293,64,2265,1735,17.7,30,Adolescent Adults
LinkedIn,Video,Others most able themselves and bed model.,3/6/2024 6:10,3/6/2024 (Wednesday),Weekday,6:10:39,Morning,854,291,90,8646,1944,93.22,65,Senior Adults
LinkedIn,Image,First memory you.,3/6/2024 6:10,3/6/2024 (Wednesday),Weekday,6:10:14,Morning,834,29,45,6522,1892,44.29,55,Senior Adults
Twitter,Link,Type professor test agreement why physical.,3/6/2024 6:08,3/6/2024 (Wednesday),Weekday,6:08:00,Morning,910,418,80,7300,4039,23.63,61,Senior Adults
Twitter,Image,Less high wall unit.,3/6/2024 5:48,3/6/2024 (Wednesday),Weekday,5:48:29,Night,962,367,32,8841,4635,114.97,24,Adolescent Adults
Facebook,Video,Relate spend street blue staff exist nature.,3/6/2024 5:34,3/6/2024 (Wednesday),Weekday,5:34:13,Night,641,111,180,8339,724,11.22,28,Adolescent Adults
Instagram,Video,Argue rest conference.,3/6/2024 5:28,3/6/2024 (Wednesday),Weekday,5:28:34,Night,79,124,154,2509,559,115.47,46,Senior Adults
LinkedIn,Link,Might community start ago.,3/6/2024 4:59,3/6/2024 (Wednesday),Weekday,4:59:36,Night,861,438,29,2756,1207,36.19,53,Senior Adults
Facebook,Link,Wait yourself cell memory high.,3/6/2024 4:54,3/6/2024 (Wednesday),Weekday,4:54:20,Night,468,294,74,6206,1220,157.01,62,Senior Adults
Instagram,Video,Two charge middle environmental.,3/6/2024 4:48,3/6/2024 (Wednesday),Weekday,4:48:23,Night,997,302,32,4432,4416,64.99,62,Senior Adults
LinkedIn,Video,Up likely and near set stage recent staff.,3/6/2024 4:41,3/6/2024 (Wednesday),Weekday,4:41:23,Night,716,297,33,5702,2289,21.43,54,Senior Adults
Twitter,Video,Analysis very response answer near.,3/6/2024 4:11,3/6/2024 (Wednesday),Weekday,4:11:33,Night,894,467,14,3230,1393,64.54,22,Adolescent Adults
Facebook,Image,Continue serve concern but because his.,3/6/2024 4:11,3/6/2024 (Wednesday),Weekday,4:11:19,Night,272,233,24,9816,4520,23.98,61,Senior Adults
Instagram,Video,Exist field defense take discover mention owner sea.,3/6/2024 3:44,3/6/2024 (Wednesday),Weekday,3:44:05,Night,715,211,14,3616,2197,18.76,22,Adolescent Adults
Instagram,Image,Threat catch decide page light.,3/6/2024 3:43,3/6/2024 (Wednesday),Weekday,3:43:36,Night,672,266,82,1793,1309,25.62,36,Mature Adults
Twitter,Video,Early board between prepare husband become moment sit.,3/6/2024 3:40,3/6/2024 (Wednesday),Weekday,3:40:38,Night,276,116,103,5317,4611,96.91,40,Mature Adults
Facebook,Image,School safe deal parent but least.,3/6/2024 3:33,3/6/2024 (Wednesday),Weekday,3:33:28,Night,805,321,1,6110,4879,32.1,39,Mature Adults
Twitter,Video,Two sport accept weight force drive.,3/6/2024 3:12,3/6/2024 (Wednesday),Weekday,3:12:26,Night,484,241,85,6823,1856,22.64,62,Senior Adults
LinkedIn,Link,Manager term continue green.,3/6/2024 2:46,3/6/2024 (Wednesday),Weekday,2:46:37,Night,757,4,160,7924,3374,50.36,43,Mature Adults
Instagram,Video,Contain bill especially others.,3/6/2024 2:38,3/6/2024 (Wednesday),Weekday,2:38:47,Night,69,363,21,4041,3372,58.11,49,Senior Adults
Facebook,Video,Pull large value generation project use since wide.,3/6/2024 2:29,3/6/2024 (Wednesday),Weekday,2:29:12,Night,298,237,75,7240,3673,146.31,48,Senior Adults
Instagram,Link,Point assume dream sing.,3/6/2024 2:22,3/6/2024 (Wednesday),Weekday,2:22:19,Night,811,147,116,5242,2190,36.97,61,Senior Adults
LinkedIn,Video,Woman help nothing red loss ball.,3/6/2024 1:37,3/6/2024 (Wednesday),Weekday,1:37:29,Night,214,416,108,3486,2651,126.69,55,Senior Adults
LinkedIn,Video,At technology ability couple reveal major church party.,3/6/2024 1:08,3/6/2024 (Wednesday),Weekday,1:08:24,Night,693,218,158,5689,739,37.44,20,Adolescent Adults
Twitter,Link,Ground arrive certain.,3/6/2024 1:02,3/6/2024 (Wednesday),Weekday,1:02:10,Night,179,322,41,2441,1584,25.34,41,Mature Adults
Facebook,Video,Newspaper billion officer support anyone throw today manage.,3/6/2024 1:01,3/6/2024 (Wednesday),Weekday,1:01:10,Night,191,129,197,8405,4485,99.68,46,Senior Adults
LinkedIn,Image,Floor next do great since year allow.,3/6/2024 0:30,3/6/2024 (Wednesday),Weekday,0:30:32,Night,817,492,73,7994,3660,20.3,26,Adolescent Adults
Facebook,Video,Real stuff three almost car population.,3/6/2024 0:28,3/6/2024 (Wednesday),Weekday,0:28:57,Night,304,177,191,7773,4954,65.19,27,Adolescent Adults
LinkedIn,Image,Support production when trip.,3/6/2024 0:12,3/6/2024 (Wednesday),Weekday,0:12:01,Night,690,419,177,5846,542,37.26,32,Mature Adults
LinkedIn,Link,Guess own window general situation after model.,3/5/2024 23:45,3/5/2024 (Tuesday),Weekday,23:45:39,Night,0,146,187,3580,2084,18.59,18,Adolescent Adults
Instagram,Video,Food job tonight Democrat.,3/5/2024 23:42,3/5/2024 (Tuesday),Weekday,23:42:56,Night,169,37,28,2764,941,19.43,43,Mature Adults
Twitter,Image,Order which certain military authority home.,3/5/2024 23:37,3/5/2024 (Tuesday),Weekday,23:37:25,Night,214,409,159,8437,4830,21.46,55,Senior Adults
Twitter,Video,This term center its actually success late.,3/5/2024 23:32,3/5/2024 (Tuesday),Weekday,23:32:34,Night,311,480,130,4071,1347,53.73,56,Senior Adults
LinkedIn,Image,Process vote news.,3/5/2024 23:09,3/5/2024 (Tuesday),Weekday,23:09:31,Night,158,431,160,7788,1185,33.89,26,Adolescent Adults
LinkedIn,Image,Rate action pressure others serve future body attention.,3/5/2024 23:00,3/5/2024 (Tuesday),Weekday,23:00:57,Night,718,329,171,9568,911,81.81,50,Senior Adults
Facebook,Video,Hotel opportunity picture game marriage bed.,3/5/2024 22:45,3/5/2024 (Tuesday),Weekday,22:45:09,Night,177,20,167,7228,1530,21.51,26,Adolescent Adults
Twitter,Image,Mrs agreement analysis person political.,3/5/2024 22:29,3/5/2024 (Tuesday),Weekday,22:29:21,Night,180,130,163,3750,3153,86.12,54,Senior Adults
LinkedIn,Video,Note agreement fast everybody design apply beautiful.,3/5/2024 21:14,3/5/2024 (Tuesday),Weekday,21:14:06,Evening,546,44,14,7515,4345,35.32,44,Mature Adults
Facebook,Video,Some there best many office meeting.,3/5/2024 21:06,3/5/2024 (Tuesday),Weekday,21:06:24,Evening,535,491,41,3421,1010,29.57,40,Mature Adults
Twitter,Link,Any less career design traditional.,3/5/2024 20:59,3/5/2024 (Tuesday),Weekday,20:59:51,Evening,407,377,95,6638,2342,198.38,21,Adolescent Adults
Twitter,Link,Hotel treat candidate actually.,3/5/2024 20:40,3/5/2024 (Tuesday),Weekday,20:40:15,Evening,721,266,94,4576,2616,55.79,46,Senior Adults
Instagram,Video,Itself forget attention tell star.,3/5/2024 20:36,3/5/2024 (Tuesday),Weekday,20:36:11,Evening,407,150,64,8317,2990,63.53,25,Adolescent Adults
Twitter,Video,Night amount fly meeting.,3/5/2024 20:10,3/5/2024 (Tuesday),Weekday,20:10:40,Evening,211,232,119,4088,3531,47.99,24,Adolescent Adults
Instagram,Image,Play crime skin perform.,3/5/2024 20:03,3/5/2024 (Tuesday),Weekday,20:03:24,Evening,415,42,95,7817,3827,34.86,56,Senior Adults
Facebook,Video,Such itself either read.,3/5/2024 18:49,3/5/2024 (Tuesday),Weekday,18:49:31,Evening,636,429,166,4295,2289,29.36,33,Mature Adults
Instagram,Image,Finish middle true image.,3/5/2024 18:33,3/5/2024 (Tuesday),Weekday,18:33:09,Evening,263,73,73,6407,1229,128.73,29,Adolescent Adults
LinkedIn,Link,Ok well building article just.,3/5/2024 18:21,3/5/2024 (Tuesday),Weekday,18:21:24,Evening,824,330,182,2479,2093,63.86,29,Adolescent Adults
Instagram,Link,Sister wall data.,3/5/2024 17:39,3/5/2024 (Tuesday),Weekday,17:39:38,Afternoon,937,268,132,6053,2444,110.02,46,Senior Adults
Instagram,Link,Around together few eye short start.,3/5/2024 17:37,3/5/2024 (Tuesday),Weekday,17:37:23,Afternoon,170,32,58,7123,2626,68.52,26,Adolescent Adults
Twitter,Image,White group join recent.,3/5/2024 17:32,3/5/2024 (Tuesday),Weekday,17:32:56,Afternoon,992,11,159,7103,2225,30.14,52,Senior Adults
Instagram,Link,Another exactly team structure city.,3/5/2024 17:19,3/5/2024 (Tuesday),Weekday,17:19:33,Afternoon,62,360,188,8405,3294,45.7,45,Mature Adults
Instagram,Link,Country fly cup push traditional trip avoid.,3/5/2024 16:46,3/5/2024 (Tuesday),Weekday,16:46:14,Afternoon,414,15,13,4496,1865,98.71,29,Adolescent Adults
Instagram,Image,Go skill then talk.,3/5/2024 15:37,3/5/2024 (Tuesday),Weekday,15:37:52,Afternoon,637,114,49,2777,1862,11.7,64,Senior Adults
LinkedIn,Link,Force information billion price western upon debate.,3/5/2024 15:37,3/5/2024 (Tuesday),Weekday,15:37:42,Afternoon,944,328,88,8193,1890,42.79,34,Mature Adults
LinkedIn,Image,Do show action TV.,3/5/2024 15:02,3/5/2024 (Tuesday),Weekday,15:02:48,Afternoon,755,451,23,4909,1223,77.92,62,Senior Adults
Instagram,Video,Price call end begin.,3/5/2024 14:58,3/5/2024 (Tuesday),Weekday,14:58:57,Afternoon,140,76,46,9520,4590,10.74,39,Mature Adults
Twitter,Video,She thank second consumer charge actually.,3/5/2024 14:13,3/5/2024 (Tuesday),Weekday,14:13:34,Afternoon,783,239,188,9343,1387,23.1,19,Adolescent Adults
Instagram,Image,High development work show project fund.,3/5/2024 13:57,3/5/2024 (Tuesday),Weekday,13:57:06,Afternoon,183,218,114,5863,3041,43.64,25,Adolescent Adults
LinkedIn,Link,Apply large race husband rest gun.,3/5/2024 13:04,3/5/2024 (Tuesday),Weekday,13:04:51,Afternoon,853,261,137,4336,1182,27.3,34,Mature Adults
Instagram,Video,Several information six reduce message hear world.,3/5/2024 12:47,3/5/2024 (Tuesday),Weekday,12:47:56,Afternoon,499,68,116,4885,1615,13.43,62,Senior Adults
Facebook,Link,Ahead may half affect middle.,3/5/2024 12:20,3/5/2024 (Tuesday),Weekday,12:20:04,Afternoon,379,316,89,2312,1254,16.61,55,Senior Adults
Facebook,Video,Record onto peace fund weight.,3/5/2024 12:16,3/5/2024 (Tuesday),Weekday,12:16:30,Afternoon,125,56,86,3715,2306,49.04,65,Senior Adults
Instagram,Video,Member great serve small ability.,3/5/2024 12:01,3/5/2024 (Tuesday),Weekday,12:01:36,Afternoon,315,188,42,5619,662,27.84,18,Adolescent Adults
Twitter,Link,Particular arm manager eat executive food itself ability.,3/5/2024 12:01,3/5/2024 (Tuesday),Weekday,12:01:22,Afternoon,296,185,103,8713,2915,144.65,39,Mature Adults
Instagram,Video,Account age us financial brother across hospital.,3/5/2024 10:58,3/5/2024 (Tuesday),Weekday,10:58:37,Morning,364,96,53,1590,551,34.22,27,Adolescent Adults
Instagram,Image,Include particular top picture ready property.,3/5/2024 10:56,3/5/2024 (Tuesday),Weekday,10:56:09,Morning,110,359,172,2913,1049,11.53,42,Mature Adults
LinkedIn,Image,Me fear student per rather cultural.,3/5/2024 10:51,3/5/2024 (Tuesday),Weekday,10:51:09,Morning,506,367,95,9061,2614,37.76,53,Senior Adults
Twitter,Link,Hand television group as time.,3/5/2024 10:46,3/5/2024 (Tuesday),Weekday,10:46:29,Morning,146,380,121,5159,3879,13.56,38,Mature Adults
Facebook,Link,Same training authority business hit.,3/5/2024 10:16,3/5/2024 (Tuesday),Weekday,10:16:32,Morning,158,436,15,4416,4049,237.27,59,Senior Adults
LinkedIn,Video,Talk personal base.,3/5/2024 9:42,3/5/2024 (Tuesday),Weekday,9:42:20,Morning,272,304,14,3850,2470,15.98,24,Adolescent Adults
Twitter,Video,During system help capital several.,3/5/2024 9:37,3/5/2024 (Tuesday),Weekday,9:37:44,Morning,495,321,15,9140,3588,24.87,20,Adolescent Adults
Facebook,Video,Describe bit town politics should.,3/5/2024 9:34,3/5/2024 (Tuesday),Weekday,9:34:29,Morning,2,12,134,9396,1899,16.19,40,Mature Adults
Facebook,Link,Economy board its investment market window.,3/5/2024 9:29,3/5/2024 (Tuesday),Weekday,9:29:14,Morning,126,187,12,4190,1996,68.37,26,Adolescent Adults
LinkedIn,Image,Meet start wear political.,3/5/2024 8:50,3/5/2024 (Tuesday),Weekday,8:50:28,Morning,43,233,155,6405,1380,63.21,27,Adolescent Adults
Instagram,Link,Build fine then western myself particularly person.,3/5/2024 8:46,3/5/2024 (Tuesday),Weekday,8:46:22,Morning,600,292,32,4412,4105,133.7,61,Senior Adults
Twitter,Video,Agent leave sound including quality arm human.,3/5/2024 8:44,3/5/2024 (Tuesday),Weekday,8:44:55,Morning,138,10,34,4900,3309,23.79,19,Adolescent Adults
Twitter,Link,Stock sound artist guy community growth.,3/5/2024 8:43,3/5/2024 (Tuesday),Weekday,8:43:32,Morning,301,193,143,4163,4077,15,23,Adolescent Adults
Twitter,Link,Job for face clearly first take.,3/5/2024 8:31,3/5/2024 (Tuesday),Weekday,8:31:21,Morning,672,438,24,7661,3928,13.9,38,Mature Adults
Twitter,Video,Camera attack low theory month know offer.,3/5/2024 7:47,3/5/2024 (Tuesday),Weekday,7:47:00,Morning,192,43,71,4035,3044,105.64,46,Senior Adults
Instagram,Image,She clearly strong old discuss church spring note.,3/5/2024 7:20,3/5/2024 (Tuesday),Weekday,7:20:24,Morning,519,40,83,3612,1120,37.53,44,Mature Adults
Facebook,Link,Drive stop bed piece forget.,3/5/2024 7:20,3/5/2024 (Tuesday),Weekday,7:20:14,Morning,62,354,180,7593,2503,41.32,60,Senior Adults
Instagram,Image,Season green save guess last.,3/5/2024 7:17,3/5/2024 (Tuesday),Weekday,7:17:15,Morning,84,153,187,5585,1107,20.77,48,Senior Adults
Instagram,Link,Child wrong effect pattern Democrat product yet trade.,3/5/2024 7:09,3/5/2024 (Tuesday),Weekday,7:09:19,Morning,97,76,85,3129,3016,15.92,25,Adolescent Adults
Instagram,Video,Two but chair hundred image land.,3/5/2024 6:49,3/5/2024 (Tuesday),Weekday,6:49:23,Morning,110,478,52,4511,506,14.42,43,Mature Adults
Twitter,Image,Middle voice shake reality discuss.,3/5/2024 6:45,3/5/2024 (Tuesday),Weekday,6:45:45,Morning,450,211,67,4946,3935,53.78,64,Senior Adults
LinkedIn,Video,Third environment entire day machine.,3/5/2024 6:37,3/5/2024 (Tuesday),Weekday,6:37:22,Morning,474,85,172,9102,2816,33.28,28,Adolescent Adults
Twitter,Image,Official letter particular friend.,3/5/2024 6:29,3/5/2024 (Tuesday),Weekday,6:29:16,Morning,29,345,188,2516,2043,63.83,20,Adolescent Adults
Instagram,Image,Anything enough bad grow stock seven rule research.,3/5/2024 6:29,3/5/2024 (Tuesday),Weekday,6:29:00,Morning,136,332,75,8921,2896,54.71,39,Mature Adults
Twitter,Image,Quickly group pick no method free safe.,3/5/2024 6:28,3/5/2024 (Tuesday),Weekday,6:28:29,Morning,1000,349,16,9504,2279,9.9,58,Senior Adults
LinkedIn,Video,Commercial he push together unit.,3/5/2024 6:17,3/5/2024 (Tuesday),Weekday,6:17:02,Morning,971,28,131,4200,528,52.22,30,Adolescent Adults
Twitter,Video,Partner short why democratic.,3/5/2024 6:09,3/5/2024 (Tuesday),Weekday,6:09:57,Morning,893,222,67,5415,2652,18.52,30,Adolescent Adults
Instagram,Video,Natural various product fill audience break.,3/5/2024 5:32,3/5/2024 (Tuesday),Weekday,5:32:32,Night,155,64,129,8665,3744,23.7,19,Adolescent Adults
Facebook,Link,Apply strategy magazine college or good street commercial.,3/5/2024 5:18,3/5/2024 (Tuesday),Weekday,5:18:24,Night,54,360,185,7411,2398,42.96,27,Adolescent Adults
Twitter,Video,Sense fall along show party action.,3/5/2024 5:18,3/5/2024 (Tuesday),Weekday,5:18:03,Night,639,350,48,2435,1617,71.96,65,Senior Adults
Facebook,Video,Sister rate administration Mr suddenly young.,3/5/2024 5:13,3/5/2024 (Tuesday),Weekday,5:13:12,Night,691,291,85,9565,2105,100.49,23,Adolescent Adults
Instagram,Video,Day real stay like heavy.,3/5/2024 5:06,3/5/2024 (Tuesday),Weekday,5:06:57,Night,283,138,47,3711,2731,5.71,39,Mature Adults
Twitter,Video,Across message either sister be happy.,3/5/2024 4:58,3/5/2024 (Tuesday),Weekday,4:58:36,Night,599,22,168,3638,2380,87.24,37,Mature Adults
Instagram,Image,Check daughter although bed others.,3/5/2024 4:34,3/5/2024 (Tuesday),Weekday,4:34:11,Night,702,469,43,8466,3052,16.94,46,Senior Adults
Twitter,Link,Number politics side little anything.,3/5/2024 4:29,3/5/2024 (Tuesday),Weekday,4:29:52,Night,93,323,121,3289,1243,105.84,38,Mature Adults
Twitter,Link,Doctor morning institution product agreement tend Republican continue.,3/5/2024 4:29,3/5/2024 (Tuesday),Weekday,4:29:52,Night,869,114,161,5518,4160,42.29,62,Senior Adults
Instagram,Video,Store discuss water land both edge.,3/5/2024 4:22,3/5/2024 (Tuesday),Weekday,4:22:24,Night,41,80,168,3990,772,62.52,18,Adolescent Adults
Instagram,Link,Occur see lay management statement before plan.,3/5/2024 4:13,3/5/2024 (Tuesday),Weekday,4:13:48,Night,593,65,188,4298,3034,11.58,21,Adolescent Adults
Instagram,Image,Paper floor happy treat seat.,3/5/2024 4:07,3/5/2024 (Tuesday),Weekday,4:07:59,Night,410,193,80,9502,1840,82.33,37,Mature Adults
Instagram,Video,Pick growth great table care result.,3/5/2024 3:50,3/5/2024 (Tuesday),Weekday,3:50:36,Night,322,263,81,8501,2901,20.03,60,Senior Adults
Twitter,Video,Democratic site standard serious run far decade.,3/5/2024 3:34,3/5/2024 (Tuesday),Weekday,3:34:09,Night,531,355,159,2758,571,93.1,22,Adolescent Adults
Twitter,Link,Energy image second represent bad probably station.,3/5/2024 3:20,3/5/2024 (Tuesday),Weekday,3:20:45,Night,443,330,158,3143,2152,61.11,24,Adolescent Adults
LinkedIn,Video,Head one current pick require according.,3/5/2024 3:07,3/5/2024 (Tuesday),Weekday,3:07:16,Night,225,54,31,1923,1255,37.03,22,Adolescent Adults
Instagram,Image,There value book oil candidate speech.,3/5/2024 2:21,3/5/2024 (Tuesday),Weekday,2:21:52,Night,667,313,35,8782,2692,16.68,25,Adolescent Adults
Facebook,Video,Pull decade son story clearly two require.,3/5/2024 2:15,3/5/2024 (Tuesday),Weekday,2:15:56,Night,769,454,90,7365,3264,15.04,20,Adolescent Adults
Instagram,Link,Reach our author manager sense hit direction.,3/5/2024 2:04,3/5/2024 (Tuesday),Weekday,2:04:40,Night,831,91,75,5407,3278,23.89,21,Adolescent Adults
Facebook,Video,Simple door marriage worry rest tough as.,3/5/2024 1:57,3/5/2024 (Tuesday),Weekday,1:57:40,Night,343,264,190,4064,2011,23.16,44,Mature Adults
Facebook,Image,Couple commercial fund western.,3/5/2024 1:34,3/5/2024 (Tuesday),Weekday,1:34:44,Night,775,488,83,3108,1523,7.79,51,Senior Adults
Facebook,Link,Size between for theory suffer.,3/5/2024 1:27,3/5/2024 (Tuesday),Weekday,1:27:14,Night,610,337,58,9181,3844,16.28,30,Adolescent Adults
Instagram,Link,It kitchen course protect.,3/5/2024 1:22,3/5/2024 (Tuesday),Weekday,1:22:48,Night,882,356,99,7498,4192,31.23,61,Senior Adults
LinkedIn,Image,Market loss campaign above.,3/5/2024 0:45,3/5/2024 (Tuesday),Weekday,0:45:33,Night,446,82,150,4752,782,22.51,63,Senior Adults
LinkedIn,Image,Factor play who two.,3/5/2024 0:13,3/5/2024 (Tuesday),Weekday,0:13:13,Night,586,431,51,5562,2094,5.5,34,Mature Adults
Facebook,Video,Still generation assume close court per.,3/5/2024 0:02,3/5/2024 (Tuesday),Weekday,0:02:10,Night,65,346,13,6128,710,15.62,34,Mature Adults
Instagram,Video,Style but most.,3/5/2024 0:02,3/5/2024 (Tuesday),Weekday,0:02:06,Night,720,270,27,9110,1927,28.87,58,Senior Adults
Twitter,Video,Career animal suffer sound.,3/4/2024 23:56,3/4/2024 (Monday),Weekday,23:56:03,Night,884,427,85,6029,3883,10.05,52,Senior Adults
Facebook,Link,Everyone pattern travel discuss less.,3/4/2024 23:55,3/4/2024 (Monday),Weekday,23:55:56,Night,690,102,88,1428,1322,57.32,44,Mature Adults
Instagram,Link,First stop front music television account.,3/4/2024 23:25,3/4/2024 (Monday),Weekday,23:25:10,Night,375,271,105,1497,765,23.81,50,Senior Adults
Facebook,Link,Computer politics sign ahead push put deep.,3/4/2024 22:49,3/4/2024 (Monday),Weekday,22:49:41,Night,305,405,131,3033,1651,38.3,38,Mature Adults
Facebook,Link,Not knowledge us sound only game.,3/4/2024 22:46,3/4/2024 (Monday),Weekday,22:46:48,Night,27,3,78,9229,4102,8.55,37,Mature Adults
LinkedIn,Image,It Mrs with myself whether east.,3/4/2024 22:27,3/4/2024 (Monday),Weekday,22:27:30,Night,161,346,151,2736,1554,126.48,43,Mature Adults
LinkedIn,Image,Yes trouble develop available beautiful bill.,3/4/2024 22:08,3/4/2024 (Monday),Weekday,22:08:05,Night,599,380,63,2710,2123,18.5,34,Mature Adults
Facebook,Video,Ready card soldier front win after per.,3/4/2024 21:39,3/4/2024 (Monday),Weekday,21:39:46,Evening,507,77,55,3615,3257,25.96,59,Senior Adults
Instagram,Link,Treat amount serve your thus.,3/4/2024 21:15,3/4/2024 (Monday),Weekday,21:15:58,Evening,510,44,107,3905,2076,27.51,49,Senior Adults
Twitter,Image,Send collection spring size last stage yeah.,3/4/2024 21:13,3/4/2024 (Monday),Weekday,21:13:23,Evening,359,270,84,8066,887,18.75,48,Senior Adults
Facebook,Video,Appear reality mouth attorney plan.,3/4/2024 21:02,3/4/2024 (Monday),Weekday,21:02:15,Evening,821,193,118,3371,2743,59.89,34,Mature Adults
LinkedIn,Image,Scientist here tonight skill.,3/4/2024 20:53,3/4/2024 (Monday),Weekday,20:53:14,Evening,302,175,66,2913,1315,214.02,26,Adolescent Adults
LinkedIn,Image,Between listen make between environmental your.,3/4/2024 20:40,3/4/2024 (Monday),Weekday,20:40:19,Evening,928,135,49,8467,1347,44.57,26,Adolescent Adults
LinkedIn,Image,Factor protect actually fish that.,3/4/2024 20:33,3/4/2024 (Monday),Weekday,20:33:07,Evening,78,49,166,4670,3767,9.29,64,Senior Adults
Twitter,Link,Pull school far community say school left west.,3/4/2024 20:30,3/4/2024 (Monday),Weekday,20:30:41,Evening,679,277,180,4298,1116,24.98,42,Mature Adults
Instagram,Image,Box appear billion whole develop.,3/4/2024 20:14,3/4/2024 (Monday),Weekday,20:14:24,Evening,700,24,57,9337,1015,64.13,18,Adolescent Adults
Facebook,Video,Senior full study authority already think choice.,3/4/2024 20:10,3/4/2024 (Monday),Weekday,20:10:30,Evening,25,445,127,8956,1184,50.69,34,Mature Adults
LinkedIn,Video,Degree may southern.,3/4/2024 20:10,3/4/2024 (Monday),Weekday,20:10:07,Evening,598,395,90,5748,890,17.14,42,Mature Adults
Twitter,Video,Adult board point see environmental.,3/4/2024 20:06,3/4/2024 (Monday),Weekday,20:06:29,Evening,336,394,10,4627,4058,33.15,35,Mature Adults
LinkedIn,Link,Job simple step serve may baby police.,3/4/2024 19:44,3/4/2024 (Monday),Weekday,19:44:14,Evening,353,489,195,6068,1611,39.78,41,Mature Adults
Instagram,Image,Down action article more down product policy.,3/4/2024 19:35,3/4/2024 (Monday),Weekday,19:35:33,Evening,184,359,63,4802,3904,43.2,20,Adolescent Adults
LinkedIn,Link,Kind commercial list serve reduce.,3/4/2024 18:58,3/4/2024 (Monday),Weekday,18:58:28,Evening,745,451,107,5769,4859,27.5,37,Mature Adults
LinkedIn,Video,Yard production stage suggest.,3/4/2024 18:42,3/4/2024 (Monday),Weekday,18:42:21,Evening,662,383,14,5637,1707,37.44,48,Senior Adults
Facebook,Link,Theory trial eye recognize.,3/4/2024 18:40,3/4/2024 (Monday),Weekday,18:40:39,Evening,676,425,166,7737,2274,27.88,61,Senior Adults
Facebook,Video,Owner wait bring partner.,3/4/2024 17:42,3/4/2024 (Monday),Weekday,17:42:51,Afternoon,339,300,61,5889,1535,37.12,30,Adolescent Adults
Facebook,Video,Visit ok knowledge while hear business produce.,3/4/2024 17:39,3/4/2024 (Monday),Weekday,17:39:24,Afternoon,339,206,105,3963,1737,22.96,51,Senior Adults
Facebook,Video,Picture run politics husband help under store.,3/4/2024 17:20,3/4/2024 (Monday),Weekday,17:20:57,Afternoon,777,297,97,3239,2153,183.01,30,Adolescent Adults
Facebook,Video,Cell firm executive coach.,3/4/2024 16:53,3/4/2024 (Monday),Weekday,16:53:38,Afternoon,739,107,26,7009,1813,43.26,51,Senior Adults
LinkedIn,Video,Suffer play song development trouble.,3/4/2024 16:19,3/4/2024 (Monday),Weekday,16:19:02,Afternoon,139,20,73,4074,2795,24.7,33,Mature Adults
Twitter,Link,You clear account hope actually use book.,3/4/2024 16:11,3/4/2024 (Monday),Weekday,16:11:35,Afternoon,761,320,130,3468,2599,37.7,61,Senior Adults
Instagram,Link,Big interview answer determine daughter.,3/4/2024 16:07,3/4/2024 (Monday),Weekday,16:07:53,Afternoon,822,35,82,4861,2758,40.23,40,Mature Adults
Facebook,Image,Will economic glass summer.,3/4/2024 16:07,3/4/2024 (Monday),Weekday,16:07:34,Afternoon,366,261,8,4542,2126,30.41,40,Mature Adults
Twitter,Video,Present hope miss gas whole key total.,3/4/2024 15:59,3/4/2024 (Monday),Weekday,15:59:45,Afternoon,373,417,127,2912,1288,39.63,28,Adolescent Adults
Facebook,Image,Until sea bring report.,3/4/2024 15:47,3/4/2024 (Monday),Weekday,15:47:41,Afternoon,787,457,172,3808,1316,88.38,42,Mature Adults
LinkedIn,Link,To very mission.,3/4/2024 15:28,3/4/2024 (Monday),Weekday,15:28:20,Afternoon,562,171,189,8776,3089,26.14,57,Senior Adults
Twitter,Image,Front note speak nor arm only.,3/4/2024 15:10,3/4/2024 (Monday),Weekday,15:10:00,Afternoon,335,481,62,7382,1256,31.89,39,Mature Adults
LinkedIn,Video,Past alone building she follow skin give personal.,3/4/2024 15:05,3/4/2024 (Monday),Weekday,15:05:52,Afternoon,298,499,188,7215,940,86.7,40,Mature Adults
Twitter,Video,Kitchen friend bar month.,3/4/2024 15:02,3/4/2024 (Monday),Weekday,15:02:28,Afternoon,240,248,15,4533,2993,51,50,Senior Adults
Facebook,Image,Sense establish or agreement wall audience yard.,3/4/2024 14:41,3/4/2024 (Monday),Weekday,14:41:47,Afternoon,367,344,124,1419,1119,59.72,33,Mature Adults
Instagram,Image,Important yes important agree price try individual ask.,3/4/2024 14:19,3/4/2024 (Monday),Weekday,14:19:28,Afternoon,567,150,96,9078,3858,52.78,63,Senior Adults
LinkedIn,Link,Production north record arrive authority born break miss.,3/4/2024 14:19,3/4/2024 (Monday),Weekday,14:19:12,Afternoon,239,47,100,3827,2820,35.95,55,Senior Adults
Instagram,Video,Leg least word clearly company per.,3/4/2024 13:40,3/4/2024 (Monday),Weekday,13:40:19,Afternoon,713,310,54,3722,2747,66.57,36,Mature Adults
Instagram,Image,Bag add age election.,3/4/2024 13:33,3/4/2024 (Monday),Weekday,13:33:03,Afternoon,629,111,88,9483,975,98.17,21,Adolescent Adults
Instagram,Video,Employee choose camera car apply Democrat idea miss.,3/4/2024 13:21,3/4/2024 (Monday),Weekday,13:21:02,Afternoon,849,214,82,4044,3972,50.94,34,Mature Adults
Instagram,Video,Nature treat part door.,3/4/2024 12:35,3/4/2024 (Monday),Weekday,12:35:23,Afternoon,948,0,176,3606,1401,2.63,36,Mature Adults
Twitter,Image,Specific say source look build public pressure.,3/4/2024 12:31,3/4/2024 (Monday),Weekday,12:31:48,Afternoon,188,118,90,4653,2921,42.34,37,Mature Adults
LinkedIn,Link,Safe property eight suddenly offer none.,3/4/2024 12:22,3/4/2024 (Monday),Weekday,12:22:08,Afternoon,207,179,171,4633,1257,49.08,25,Adolescent Adults
Instagram,Video,Break value radio whatever me particularly store.,3/4/2024 12:13,3/4/2024 (Monday),Weekday,12:13:41,Afternoon,818,435,197,3019,2923,19.62,43,Mature Adults
Facebook,Link,Note travel gas professional well property me.,3/4/2024 12:06,3/4/2024 (Monday),Weekday,12:06:21,Afternoon,355,400,73,5996,3180,31.84,58,Senior Adults
Facebook,Link,Fine bank same feeling call information strategy.,3/4/2024 11:47,3/4/2024 (Monday),Weekday,11:47:13,Morning,750,305,146,5751,3589,80.38,37,Mature Adults
Twitter,Link,When something contain present woman job.,3/4/2024 11:32,3/4/2024 (Monday),Weekday,11:32:18,Morning,413,29,79,3600,2486,41.27,52,Senior Adults
Twitter,Video,Hundred government within eat record.,3/4/2024 11:21,3/4/2024 (Monday),Weekday,11:21:32,Morning,501,122,79,2373,2032,41.29,51,Senior Adults
Twitter,Video,President south information drive.,3/4/2024 10:59,3/4/2024 (Monday),Weekday,10:59:40,Morning,662,226,33,4932,1131,82.55,46,Senior Adults
Twitter,Link,Man police Republican agency relate claim stand.,3/4/2024 10:52,3/4/2024 (Monday),Weekday,10:52:55,Morning,880,112,22,2117,2051,7.78,50,Senior Adults
Instagram,Image,Some law street Republican reduce.,3/4/2024 10:28,3/4/2024 (Monday),Weekday,10:28:01,Morning,974,253,199,4422,816,101.79,36,Mature Adults
Twitter,Image,Success agreement hotel help describe.,3/4/2024 10:14,3/4/2024 (Monday),Weekday,10:14:32,Morning,333,8,172,2502,2195,76.95,40,Mature Adults
Facebook,Image,Amount among social focus while east lay wall.,3/4/2024 10:06,3/4/2024 (Monday),Weekday,10:06:42,Morning,971,474,39,7455,4073,50.42,55,Senior Adults
Facebook,Link,Investment drop attack woman unit.,3/4/2024 10:02,3/4/2024 (Monday),Weekday,10:02:30,Morning,729,107,95,2059,935,121.69,27,Adolescent Adults
Twitter,Link,Clear family cup dream maybe.,3/4/2024 9:54,3/4/2024 (Monday),Weekday,9:54:53,Morning,774,375,130,5154,4216,18.24,51,Senior Adults
Instagram,Video,Race media page family receive peace.,3/4/2024 9:35,3/4/2024 (Monday),Weekday,9:35:06,Morning,292,498,149,2662,1483,64.37,47,Senior Adults
Facebook,Image,Tree politics store approach value.,3/4/2024 8:46,3/4/2024 (Monday),Weekday,8:46:50,Morning,592,310,76,8854,1683,15.52,50,Senior Adults
Twitter,Link,Win raise if sign.,3/4/2024 8:38,3/4/2024 (Monday),Weekday,8:38:05,Morning,619,140,134,4677,1134,26.82,23,Adolescent Adults
LinkedIn,Link,Positive mean say administration.,3/4/2024 8:19,3/4/2024 (Monday),Weekday,8:19:56,Morning,681,357,101,6272,1330,62.04,18,Adolescent Adults
LinkedIn,Link,Place perform different positive truth today.,3/4/2024 7:34,3/4/2024 (Monday),Weekday,7:34:22,Morning,354,311,2,9445,4630,55.72,57,Senior Adults
Instagram,Video,Politics group official organization meeting tend.,3/4/2024 6:59,3/4/2024 (Monday),Weekday,6:59:03,Morning,98,199,107,8810,3935,45.6,32,Mature Adults
LinkedIn,Link,Lawyer factor style standard paper under.,3/4/2024 6:54,3/4/2024 (Monday),Weekday,6:54:28,Morning,647,444,75,5462,2755,37.42,32,Mature Adults
LinkedIn,Video,Step time over at during.,3/4/2024 6:48,3/4/2024 (Monday),Weekday,6:48:33,Morning,19,39,104,4693,1681,54.39,24,Adolescent Adults
LinkedIn,Link,Character administration player matter take plan.,3/4/2024 6:32,3/4/2024 (Monday),Weekday,6:32:35,Morning,826,245,175,7733,4989,48.1,47,Senior Adults
Twitter,Image,Account owner level yet.,3/4/2024 6:27,3/4/2024 (Monday),Weekday,6:27:32,Morning,678,497,54,5207,947,8.3,63,Senior Adults
LinkedIn,Video,Discuss management sit understand.,3/4/2024 6:12,3/4/2024 (Monday),Weekday,6:12:48,Morning,14,161,160,3041,2562,46.59,28,Adolescent Adults
Instagram,Video,Stay daughter generation away.,3/4/2024 6:01,3/4/2024 (Monday),Weekday,6:01:37,Morning,200,312,154,9363,2738,34.05,59,Senior Adults
Instagram,Video,Put yourself foreign through past situation less five.,3/4/2024 5:53,3/4/2024 (Monday),Weekday,5:53:45,Night,773,325,10,6452,1408,29.87,45,Mature Adults
LinkedIn,Link,Our total risk cover success.,3/4/2024 5:25,3/4/2024 (Monday),Weekday,5:25:51,Night,931,42,175,4104,2457,71.2,56,Senior Adults
LinkedIn,Image,Scene must share.,3/4/2024 5:22,3/4/2024 (Monday),Weekday,5:22:41,Night,682,221,130,4987,1446,107.6,32,Mature Adults
Twitter,Image,Cause them miss above eight peace.,3/4/2024 5:19,3/4/2024 (Monday),Weekday,5:19:21,Night,287,117,148,6563,1698,29.85,22,Adolescent Adults
LinkedIn,Video,Large behind question provide where amount purpose.,3/4/2024 4:55,3/4/2024 (Monday),Weekday,4:55:16,Night,839,22,106,6680,3413,69.9,18,Adolescent Adults
Facebook,Image,Bit region follow second.,3/4/2024 4:44,3/4/2024 (Monday),Weekday,4:44:22,Night,553,348,162,8677,4951,104.79,46,Senior Adults
LinkedIn,Image,Rule hand chair public certain begin watch small.,3/4/2024 4:24,3/4/2024 (Monday),Weekday,4:24:04,Night,739,472,188,4327,1782,16.81,55,Senior Adults
Instagram,Video,Wife why score never always tell book Mr.,3/4/2024 3:52,3/4/2024 (Monday),Weekday,3:52:28,Night,13,196,53,3120,1116,74.62,35,Mature Adults
Facebook,Image,Under accept important various go say.,3/4/2024 3:39,3/4/2024 (Monday),Weekday,3:39:00,Night,969,116,10,6864,4056,21.07,40,Mature Adults
LinkedIn,Image,Finally training away assume.,3/4/2024 3:29,3/4/2024 (Monday),Weekday,3:29:16,Night,217,456,58,2702,785,13.69,19,Adolescent Adults
Instagram,Image,Team recognize despite apply should.,3/4/2024 3:19,3/4/2024 (Monday),Weekday,3:19:06,Night,770,10,194,3628,1612,39.21,34,Mature Adults
Instagram,Link,Woman sort believe.,3/4/2024 3:13,3/4/2024 (Monday),Weekday,3:13:54,Night,987,409,132,4226,883,84.92,57,Senior Adults
Twitter,Link,Director mind ahead drug learn operation machine.,3/4/2024 3:05,3/4/2024 (Monday),Weekday,3:05:57,Night,767,443,112,4058,2815,28.83,64,Senior Adults
Facebook,Video,Coach husband four believe.,3/4/2024 2:52,3/4/2024 (Monday),Weekday,2:52:24,Night,402,308,106,7921,1180,80.23,48,Senior Adults
Instagram,Image,Simple couple special moment community else.,3/4/2024 2:26,3/4/2024 (Monday),Weekday,2:26:34,Night,615,290,12,6393,1686,13.56,23,Adolescent Adults
Facebook,Video,Party occur perform question sell money.,3/4/2024 2:23,3/4/2024 (Monday),Weekday,2:23:17,Night,451,475,64,8711,3136,44.31,29,Adolescent Adults
Instagram,Video,Whom speak behavior space a everyone.,3/4/2024 1:40,3/4/2024 (Monday),Weekday,1:40:46,Night,920,51,171,2221,1072,49.61,24,Adolescent Adults
Facebook,Link,Congress power rule yeah me wait.,3/4/2024 1:33,3/4/2024 (Monday),Weekday,1:33:01,Night,595,298,175,4973,1141,26.04,61,Senior Adults
Instagram,Image,Education there anything situation yes.,3/4/2024 1:26,3/4/2024 (Monday),Weekday,1:26:47,Night,184,430,58,2115,925,33.46,22,Adolescent Adults
Instagram,Link,Identify especially media media six miss.,3/4/2024 1:21,3/4/2024 (Monday),Weekday,1:21:22,Night,248,365,195,6580,554,20.96,48,Senior Adults
Twitter,Video,Society game full cut situation article.,3/4/2024 0:59,3/4/2024 (Monday),Weekday,0:59:37,Night,383,202,198,7554,3156,34.55,62,Senior Adults
Facebook,Image,They rate court before exactly thousand happen.,3/4/2024 0:41,3/4/2024 (Monday),Weekday,0:41:39,Night,482,61,151,8444,1381,81.43,43,Mature Adults
LinkedIn,Video,Success report why feeling become.,3/4/2024 0:29,3/4/2024 (Monday),Weekday,0:29:38,Night,142,417,132,2952,2643,49.44,33,Mature Adults
Instagram,Image,The sound miss pick should if.,3/3/2024 23:55,3/3/2024 (Sunday),Weekday,23:55:03,Night,533,18,132,9601,1066,174.75,25,Adolescent Adults
LinkedIn,Image,Manager agent likely order member window.,3/3/2024 23:48,3/3/2024 (Sunday),Weekday,23:48:39,Night,989,164,79,4916,728,23.37,30,Adolescent Adults
Instagram,Video,Degree society agreement number able.,3/3/2024 23:10,3/3/2024 (Sunday),Weekday,23:10:28,Night,783,140,18,6082,2906,36.44,46,Senior Adults
Instagram,Video,Them guy forget factor success medical church.,3/3/2024 22:11,3/3/2024 (Sunday),Weekday,22:11:23,Night,170,473,99,7188,4908,99.57,65,Senior Adults
Instagram,Image,Way race because whether situation quickly.,3/3/2024 21:14,3/3/2024 (Sunday),Weekday,21:14:33,Evening,988,205,42,9016,4875,30.34,59,Senior Adults
Facebook,Video,Even run matter color about.,3/3/2024 21:06,3/3/2024 (Sunday),Weekday,21:06:37,Evening,573,398,183,9850,535,63.32,63,Senior Adults
Instagram,Video,Lose night step per sister.,3/3/2024 21:01,3/3/2024 (Sunday),Weekday,21:01:00,Evening,844,369,91,2101,1513,58.11,60,Senior Adults
LinkedIn,Link,Well run page success one new.,3/3/2024 20:52,3/3/2024 (Sunday),Weekday,20:52:09,Evening,839,15,97,4606,3755,78.75,21,Adolescent Adults
LinkedIn,Link,Investment reason hour coach.,3/3/2024 20:45,3/3/2024 (Sunday),Weekday,20:45:04,Evening,485,434,105,2599,2033,85.64,18,Adolescent Adults
Twitter,Video,Remember price stand participant experience.,3/3/2024 20:34,3/3/2024 (Sunday),Weekday,20:34:30,Evening,723,393,186,8736,2364,14.41,37,Mature Adults
LinkedIn,Video,Employee opportunity minute growth conference.,3/3/2024 20:30,3/3/2024 (Sunday),Weekday,20:30:17,Evening,572,45,86,4531,3978,10.27,27,Adolescent Adults
Instagram,Image,Somebody crime around let.,3/3/2024 20:13,3/3/2024 (Sunday),Weekday,20:13:52,Evening,306,178,32,4946,3154,42.32,28,Adolescent Adults
Twitter,Link,Keep nature test detail kid to baby.,3/3/2024 19:47,3/3/2024 (Sunday),Weekday,19:47:38,Evening,457,486,189,5557,3663,9.64,55,Senior Adults
Instagram,Image,Free world important lay.,3/3/2024 19:28,3/3/2024 (Sunday),Weekday,19:28:24,Evening,853,497,89,2129,1732,24.97,42,Mature Adults
Facebook,Link,Beautiful use story.,3/3/2024 19:09,3/3/2024 (Sunday),Weekday,19:09:43,Evening,239,315,95,6207,4040,129.78,48,Senior Adults
Twitter,Image,Firm already firm little.,3/3/2024 18:59,3/3/2024 (Sunday),Weekday,18:59:36,Evening,599,462,105,7296,2903,13.08,26,Adolescent Adults
LinkedIn,Link,Likely partner thought avoid.,3/3/2024 18:36,3/3/2024 (Sunday),Weekday,18:36:51,Evening,277,477,96,4977,1832,24.32,23,Adolescent Adults
Twitter,Link,Sit three film hour resource participant available.,3/3/2024 18:03,3/3/2024 (Sunday),Weekday,18:03:58,Evening,721,44,112,9759,3985,78.69,41,Mature Adults
Instagram,Link,Appear especially recognize.,3/3/2024 18:00,3/3/2024 (Sunday),Weekday,18:00:00,Evening,304,451,12,8702,2711,46.72,56,Senior Adults
Twitter,Image,Fly future a thousand.,3/3/2024 17:29,3/3/2024 (Sunday),Weekday,17:29:41,Afternoon,905,285,152,8257,4576,71.44,53,Senior Adults
Instagram,Link,Me fine hold movement.,3/3/2024 17:24,3/3/2024 (Sunday),Weekday,17:24:27,Afternoon,900,369,128,6285,1344,32.51,21,Adolescent Adults
LinkedIn,Image,Hold west rest truth big choice.,3/3/2024 17:23,3/3/2024 (Sunday),Weekday,17:23:11,Afternoon,122,464,31,9203,2992,28.33,22,Adolescent Adults
LinkedIn,Image,Agreement difference forget rich continue hope.,3/3/2024 17:21,3/3/2024 (Sunday),Weekday,17:21:18,Afternoon,188,373,149,3936,3889,21.47,41,Mature Adults
LinkedIn,Image,Such artist task.,3/3/2024 16:48,3/3/2024 (Sunday),Weekday,16:48:06,Afternoon,646,372,66,3348,1042,78.51,35,Mature Adults
Twitter,Image,Almost check number wish produce.,3/3/2024 16:29,3/3/2024 (Sunday),Weekday,16:29:35,Afternoon,486,122,24,5920,4338,23.48,44,Mature Adults
LinkedIn,Image,Possible kitchen remain born tax risk.,3/3/2024 16:15,3/3/2024 (Sunday),Weekday,16:15:25,Afternoon,241,16,104,5858,2965,27,55,Senior Adults
Twitter,Link,Someone tonight bring grow each.,3/3/2024 16:01,3/3/2024 (Sunday),Weekday,16:01:26,Afternoon,574,354,40,9606,2794,93.12,41,Mature Adults
Instagram,Link,Movie seat professional.,3/3/2024 15:53,3/3/2024 (Sunday),Weekday,15:53:36,Afternoon,477,97,151,4585,4479,60.42,61,Senior Adults
Facebook,Image,Pay owner customer yourself so sense argue.,3/3/2024 15:42,3/3/2024 (Sunday),Weekday,15:42:01,Afternoon,810,60,3,2622,873,173.05,46,Senior Adults
Instagram,Video,Able nearly away rather edge home.,3/3/2024 15:36,3/3/2024 (Sunday),Weekday,15:36:29,Afternoon,593,85,24,3488,2955,46.96,60,Senior Adults
LinkedIn,Image,Recently college authority while.,3/3/2024 15:29,3/3/2024 (Sunday),Weekday,15:29:46,Afternoon,551,150,187,3631,3312,69.15,62,Senior Adults
Facebook,Video,Environmental business per rule data writer need.,3/3/2024 15:16,3/3/2024 (Sunday),Weekday,15:16:57,Afternoon,866,391,150,3598,1838,54.39,57,Senior Adults
Twitter,Link,Herself serve key reach ten trip play.,3/3/2024 15:01,3/3/2024 (Sunday),Weekday,15:01:52,Afternoon,428,14,5,8911,2949,31.57,37,Mature Adults
Instagram,Image,Seem alone look drop.,3/3/2024 14:58,3/3/2024 (Sunday),Weekday,14:58:24,Afternoon,717,109,162,2438,1961,106.53,54,Senior Adults
Twitter,Link,Public near sport anything.,3/3/2024 14:46,3/3/2024 (Sunday),Weekday,14:46:13,Afternoon,380,399,112,5969,2520,93.6,50,Senior Adults
Facebook,Image,Coach according impact employee task.,3/3/2024 14:27,3/3/2024 (Sunday),Weekday,14:27:23,Afternoon,479,115,92,9306,805,72.65,27,Adolescent Adults
Facebook,Image,Return face rate movie raise strategy effect difference.,3/3/2024 14:15,3/3/2024 (Sunday),Weekday,14:15:20,Afternoon,582,131,183,4807,3184,145.85,27,Adolescent Adults
Instagram,Image,Give hundred country example night each.,3/3/2024 13:57,3/3/2024 (Sunday),Weekday,13:57:08,Afternoon,668,417,145,5884,2621,24.81,33,Mature Adults
Instagram,Video,What officer certain five agree staff.,3/3/2024 13:50,3/3/2024 (Sunday),Weekday,13:50:58,Afternoon,66,485,131,2939,1308,50.25,35,Mature Adults
Instagram,Link,Administration until their general smile show stock.,3/3/2024 13:36,3/3/2024 (Sunday),Weekday,13:36:48,Afternoon,790,499,13,4906,2902,26.14,39,Mature Adults
Facebook,Video,But front road.,3/3/2024 13:33,3/3/2024 (Sunday),Weekend,13:33:53,Afternoon,593,482,41,9785,1171,64.07,25,Adolescent Adults
LinkedIn,Video,Easy into opportunity boy mission art news.,3/3/2024 13:10,3/3/2024 (Sunday),Weekend,13:10:47,Afternoon,858,18,94,5544,1138,169.23,23,Adolescent Adults
Twitter,Video,I technology report term.,3/3/2024 12:34,3/3/2024 (Sunday),Weekend,12:34:28,Afternoon,757,127,137,8869,2483,32.38,64,Senior Adults
Instagram,Link,Challenge board listen human approach member believe seat.,3/3/2024 12:32,3/3/2024 (Sunday),Weekend,12:32:50,Afternoon,762,106,29,2057,1199,15.12,25,Adolescent Adults
LinkedIn,Image,Choose chance but him.,3/3/2024 12:30,3/3/2024 (Sunday),Weekend,12:30:28,Afternoon,5,166,79,6452,3119,25.33,58,Senior Adults
Facebook,Video,As girl threat charge full.,3/3/2024 12:29,3/3/2024 (Sunday),Weekend,12:29:27,Afternoon,919,213,2,3727,3108,215.7,63,Senior Adults
Instagram,Link,This activity sort society record notice character building.,3/3/2024 12:23,3/3/2024 (Sunday),Weekend,12:23:33,Afternoon,765,406,151,9313,681,86.19,23,Adolescent Adults
Twitter,Video,Network painting impact yard.,3/3/2024 12:10,3/3/2024 (Sunday),Weekend,12:10:29,Afternoon,971,223,83,3770,1399,25.33,51,Senior Adults
Instagram,Video,Say hospital arm guess tree glass move.,3/3/2024 12:03,3/3/2024 (Sunday),Weekend,12:03:44,Afternoon,71,480,147,4441,1615,50.37,46,Senior Adults
Twitter,Image,Price direction either free reality your executive.,3/3/2024 11:50,3/3/2024 (Sunday),Weekend,11:50:31,Morning,242,143,49,6948,3475,55.08,29,Adolescent Adults
Twitter,Link,Assume behind fill quality.,3/3/2024 11:25,3/3/2024 (Sunday),Weekend,11:25:25,Morning,640,370,199,3559,800,17.67,51,Senior Adults
Facebook,Link,Customer consider movement.,3/3/2024 11:14,3/3/2024 (Sunday),Weekend,11:14:14,Morning,657,301,41,6533,525,16.36,58,Senior Adults
Instagram,Image,Doctor book according radio suddenly great.,3/3/2024 10:31,3/3/2024 (Sunday),Weekend,10:31:49,Morning,104,233,192,7583,3732,30.9,25,Adolescent Adults
Facebook,Video,Difficult at six off sort actually send.,3/3/2024 10:08,3/3/2024 (Sunday),Weekend,10:08:41,Morning,682,31,78,3870,1898,83.08,63,Senior Adults
Facebook,Link,Affect the fund a whom current check hit.,3/3/2024 10:02,3/3/2024 (Sunday),Weekend,10:02:44,Morning,802,41,155,6710,2649,16.06,26,Adolescent Adults
Instagram,Image,Tend financial place catch room.,3/3/2024 9:53,3/3/2024 (Sunday),Weekend,9:53:54,Morning,574,345,24,2181,1027,40.17,22,Adolescent Adults
LinkedIn,Video,Phone third control meet capital else.,3/3/2024 9:49,3/3/2024 (Sunday),Weekend,9:49:12,Morning,65,294,158,7028,739,46.4,60,Senior Adults
Facebook,Video,Seven deal generation movie during.,3/3/2024 9:48,3/3/2024 (Sunday),Weekend,9:48:03,Morning,663,223,130,7264,1616,22.01,32,Mature Adults
Instagram,Video,Meeting very owner could.,3/3/2024 9:38,3/3/2024 (Sunday),Weekend,9:38:20,Morning,849,172,153,4792,1583,28.29,19,Adolescent Adults
Twitter,Image,Dog character among pull turn tend.,3/3/2024 9:03,3/3/2024 (Sunday),Weekend,9:03:02,Morning,12,18,175,7983,3037,29.33,59,Senior Adults
Instagram,Link,Weight third piece rock these land government.,3/3/2024 8:53,3/3/2024 (Sunday),Weekend,8:53:39,Morning,479,483,192,4667,4101,103.94,38,Mature Adults
Facebook,Link,Recently live marriage crime forward box future.,3/3/2024 8:23,3/3/2024 (Sunday),Weekend,8:23:13,Morning,772,53,6,9550,592,20.62,62,Senior Adults
Facebook,Image,Free lawyer morning institution whole far economy article.,3/3/2024 8:10,3/3/2024 (Sunday),Weekend,8:10:22,Morning,688,199,184,7430,2162,18.26,59,Senior Adults
Twitter,Link,True two behind just.,3/3/2024 8:02,3/3/2024 (Sunday),Weekend,8:02:28,Morning,708,132,164,4580,2524,104.03,22,Adolescent Adults
Twitter,Video,Tax above school clear.,3/3/2024 7:46,3/3/2024 (Sunday),Weekend,7:46:11,Morning,48,280,150,3700,544,14.57,18,Adolescent Adults
LinkedIn,Image,Discover fine reflect listen stock.,3/3/2024 7:08,3/3/2024 (Sunday),Weekend,7:08:41,Morning,234,375,84,2623,1385,12.18,23,Adolescent Adults
Facebook,Image,Yes few involve ahead consumer yard.,3/3/2024 7:06,3/3/2024 (Sunday),Weekend,7:06:24,Morning,248,23,12,3631,2015,34.65,65,Senior Adults
Instagram,Video,Wall society produce especially bar agree audience.,3/3/2024 6:59,3/3/2024 (Sunday),Weekend,6:59:40,Morning,657,65,76,5403,1166,16.19,28,Adolescent Adults
Twitter,Video,Figure claim fire rate.,3/3/2024 5:33,3/3/2024 (Sunday),Weekend,5:33:36,Night,213,275,195,7937,1734,100,33,Mature Adults
Facebook,Image,Our data church plant summer evening rich.,3/3/2024 5:27,3/3/2024 (Sunday),Weekend,5:27:12,Night,390,358,82,7573,4259,23.76,30,Adolescent Adults
Twitter,Link,Mr late matter at over.,3/3/2024 5:23,3/3/2024 (Sunday),Weekend,5:23:45,Night,463,218,116,5378,4858,26.81,47,Senior Adults
Twitter,Video,Light step rate above.,3/3/2024 4:38,3/3/2024 (Sunday),Weekend,4:38:38,Night,661,135,195,9226,669,76.55,58,Senior Adults
Facebook,Link,Behavior bill however one value use four eye.,3/3/2024 4:14,3/3/2024 (Sunday),Weekend,4:14:45,Night,428,428,55,4374,507,15.16,65,Senior Adults
Facebook,Video,Security sing quite edge.,3/3/2024 4:08,3/3/2024 (Sunday),Weekend,4:08:52,Night,788,140,68,9069,3134,50.38,29,Adolescent Adults
Twitter,Image,Risk bag each real green.,3/3/2024 4:08,3/3/2024 (Sunday),Weekend,4:08:13,Night,781,459,97,8671,4851,35.36,29,Adolescent Adults
LinkedIn,Link,Senior through peace ground simply.,3/3/2024 3:58,3/3/2024 (Sunday),Weekend,3:58:56,Night,691,375,174,7902,817,85.22,55,Senior Adults
Instagram,Link,Offer this hit prevent kid believe.,3/3/2024 3:53,3/3/2024 (Sunday),Weekend,3:53:41,Night,110,29,32,3575,2319,28.14,24,Adolescent Adults
Facebook,Video,Smile budget use.,3/3/2024 3:18,3/3/2024 (Sunday),Weekend,3:18:47,Night,430,236,119,4199,1739,46.93,62,Senior Adults
Twitter,Video,Dog son and enjoy nearly.,3/3/2024 2:19,3/3/2024 (Sunday),Weekend,2:19:57,Night,175,245,112,7538,4429,52.14,57,Senior Adults
LinkedIn,Video,Serious over right good should important marriage.,3/3/2024 1:54,3/3/2024 (Sunday),Weekend,1:54:33,Night,909,330,146,3859,1811,44.87,30,Adolescent Adults
Instagram,Image,Difference president election listen wind possible herself.,3/3/2024 1:47,3/3/2024 (Sunday),Weekend,1:47:13,Night,404,473,49,8115,3075,95.3,23,Adolescent Adults
Twitter,Image,White time ground identify decade word.,3/3/2024 1:15,3/3/2024 (Sunday),Weekend,1:15:51,Night,856,44,1,4901,1442,85.24,26,Adolescent Adults
Instagram,Video,Much responsibility about around environment.,3/3/2024 1:12,3/3/2024 (Sunday),Weekend,1:12:04,Night,724,345,155,8567,757,41.12,41,Mature Adults
Twitter,Image,Mouth worry player board news design against new.,3/3/2024 1:11,3/3/2024 (Sunday),Weekend,1:11:22,Night,103,72,6,4852,4018,74.81,36,Mature Adults
LinkedIn,Image,Business investment join project former.,3/3/2024 1:03,3/3/2024 (Sunday),Weekend,1:03:58,Night,297,5,194,7008,2083,8.02,58,Senior Adults
Twitter,Link,Which artist strong thought service for check with.,3/3/2024 0:55,3/3/2024 (Sunday),Weekend,0:55:10,Night,651,62,33,4376,3125,36.49,44,Mature Adults
Facebook,Image,Operation person power.,3/3/2024 0:54,3/3/2024 (Sunday),Weekend,0:54:14,Night,799,327,80,7674,2497,194.13,33,Mature Adults
LinkedIn,Link,Travel civil public well.,3/3/2024 0:41,3/3/2024 (Sunday),Weekend,0:41:53,Night,311,441,49,5799,4786,91.28,57,Senior Adults
LinkedIn,Link,Develop threat enough treat meet.,3/2/2024 23:31,3/2/2024 (Saturday),Weekend,23:31:37,Night,552,189,105,2458,1180,43.22,61,Senior Adults
Twitter,Video,Quite commercial present entire one lawyer.,3/2/2024 23:30,3/2/2024 (Saturday),Weekend,23:30:27,Night,505,318,70,4846,2077,12.49,33,Mature Adults
LinkedIn,Link,Company sea national.,3/2/2024 23:09,3/2/2024 (Saturday),Weekend,23:09:17,Night,259,498,35,7238,2564,151.13,25,Adolescent Adults
Instagram,Image,Huge call paper me individual material.,3/2/2024 22:47,3/2/2024 (Saturday),Weekend,22:47:16,Night,117,460,123,3970,3555,190.29,58,Senior Adults
Instagram,Link,Light carry very rather behavior claim nature.,3/2/2024 22:41,3/2/2024 (Saturday),Weekend,22:41:18,Night,388,310,28,4847,2796,14.17,45,Mature Adults
Facebook,Video,General mouth specific exactly.,3/2/2024 22:38,3/2/2024 (Saturday),Weekend,22:38:12,Night,196,303,45,6282,4478,41.68,25,Adolescent Adults
Twitter,Video,Fill from others force step.,3/2/2024 22:28,3/2/2024 (Saturday),Weekend,22:28:33,Night,848,403,138,3183,2167,37.67,39,Mature Adults
Twitter,Video,As amount perhaps close.,3/2/2024 22:04,3/2/2024 (Saturday),Weekend,22:04:30,Night,537,238,96,2680,2129,91.82,55,Senior Adults
LinkedIn,Video,Quite room ahead moment yourself brother specific.,3/2/2024 21:55,3/2/2024 (Saturday),Weekend,21:55:26,Evening,250,209,47,6799,1827,69.96,19,Adolescent Adults
LinkedIn,Link,Something throw door operation a difference tend.,3/2/2024 21:31,3/2/2024 (Saturday),Weekend,21:31:17,Evening,219,310,13,7327,2873,62.87,21,Adolescent Adults
LinkedIn,Image,Space add option music.,3/2/2024 21:26,3/2/2024 (Saturday),Weekend,21:26:38,Evening,742,438,10,2667,1751,74.16,28,Adolescent Adults
Facebook,Link,Beat country small value address a man.,3/2/2024 21:03,3/2/2024 (Saturday),Weekend,21:03:38,Evening,712,183,24,3435,3284,6.75,33,Mature Adults
Instagram,Link,Like fund hospital off.,3/2/2024 20:42,3/2/2024 (Saturday),Weekend,20:42:34,Evening,670,36,95,8338,2404,28.14,51,Senior Adults
LinkedIn,Image,Run operation issue.,3/2/2024 20:25,3/2/2024 (Saturday),Weekend,20:25:31,Evening,881,250,78,3181,1456,140.37,44,Mature Adults
LinkedIn,Video,Brother expert south simply morning necessary.,3/2/2024 20:24,3/2/2024 (Saturday),Weekend,20:24:28,Evening,533,106,71,5683,1391,49.54,65,Senior Adults
Instagram,Video,After election senior then particular.,3/2/2024 19:42,3/2/2024 (Saturday),Weekend,19:42:12,Evening,242,82,2,5123,3290,39.78,45,Mature Adults
Instagram,Video,Card machine large decide design body.,3/2/2024 19:16,3/2/2024 (Saturday),Weekend,19:16:12,Evening,626,224,168,3645,2892,87.87,61,Senior Adults
LinkedIn,Video,Become meet run husband simply.,3/2/2024 19:08,3/2/2024 (Saturday),Weekend,19:08:59,Evening,198,126,88,4050,1281,50.04,53,Senior Adults
Instagram,Image,Suffer especially material along believe opportunity nice story.,3/2/2024 18:49,3/2/2024 (Saturday),Weekend,18:49:56,Evening,805,97,102,3518,1513,14.04,29,Adolescent Adults
LinkedIn,Video,Agency your per nor put site movement.,3/2/2024 18:41,3/2/2024 (Saturday),Weekend,18:41:18,Evening,423,196,148,4210,2064,68.44,20,Adolescent Adults
Facebook,Video,Case note team tough before decision term.,3/2/2024 18:16,3/2/2024 (Saturday),Weekend,18:16:49,Evening,64,379,109,4054,4020,39.39,22,Adolescent Adults
LinkedIn,Video,Trial especially focus it reflect investment.,3/2/2024 18:05,3/2/2024 (Saturday),Weekend,18:05:08,Evening,287,134,45,5815,1734,19.49,53,Senior Adults
Twitter,Video,Ask baby begin walk indicate house above reach.,3/2/2024 18:04,3/2/2024 (Saturday),Weekend,18:04:17,Evening,988,278,62,2511,837,16.41,44,Mature Adults
Facebook,Image,Agreement half newspaper.,3/2/2024 17:55,3/2/2024 (Saturday),Weekend,17:55:12,Afternoon,458,184,122,8623,1928,148.13,59,Senior Adults
Twitter,Image,Contain generation customer trade writer which usually.,3/2/2024 16:54,3/2/2024 (Saturday),Weekend,16:54:26,Afternoon,108,134,90,4979,2928,179.68,57,Senior Adults
Facebook,Video,Program owner break.,3/2/2024 16:53,3/2/2024 (Saturday),Weekend,16:53:04,Afternoon,176,345,179,9546,3848,31.78,42,Mature Adults
Twitter,Video,Move same us find away.,3/2/2024 16:23,3/2/2024 (Saturday),Weekend,16:23:45,Afternoon,572,99,33,9245,1612,27.56,30,Adolescent Adults
Instagram,Link,Job level good baby guy significant chance.,3/2/2024 16:19,3/2/2024 (Saturday),Weekend,16:19:09,Afternoon,533,55,76,3155,1471,151.77,49,Senior Adults
Instagram,Video,Think consumer everybody anything environment lead.,3/2/2024 15:46,3/2/2024 (Saturday),Weekend,15:46:26,Afternoon,7,500,19,5182,1977,7.37,21,Adolescent Adults
Twitter,Image,Former leave carry between half.,3/2/2024 15:27,3/2/2024 (Saturday),Weekend,15:27:14,Afternoon,223,7,44,4233,2967,45.14,49,Senior Adults
Twitter,Link,Usually room rate drive yeah respond.,3/2/2024 15:19,3/2/2024 (Saturday),Weekend,15:19:41,Afternoon,439,252,18,4494,3545,12.01,35,Mature Adults
Instagram,Video,Because nice enter manage great purpose investment.,3/2/2024 15:14,3/2/2024 (Saturday),Weekend,15:14:32,Afternoon,568,135,98,7069,936,76.48,51,Senior Adults
Facebook,Video,Pay fly up.,3/2/2024 14:59,3/2/2024 (Saturday),Weekend,14:59:50,Afternoon,653,25,98,7732,2878,30.11,53,Senior Adults
Instagram,Video,House yard under.,3/2/2024 14:46,3/2/2024 (Saturday),Weekend,14:46:17,Afternoon,320,452,133,1144,1047,62.48,27,Adolescent Adults
Facebook,Image,Food machine fire fine.,3/2/2024 14:43,3/2/2024 (Saturday),Weekend,14:43:05,Afternoon,123,426,179,9446,3717,161.69,36,Mature Adults
Facebook,Image,Why PM become as chair hundred adult crime.,3/2/2024 14:12,3/2/2024 (Saturday),Weekend,14:12:07,Afternoon,777,76,152,1887,780,4.5,18,Adolescent Adults
Facebook,Image,Situation among voice decade.,3/2/2024 13:33,3/2/2024 (Saturday),Weekend,13:33:48,Afternoon,883,478,101,2065,1981,23.81,50,Senior Adults
Twitter,Link,Identify number order stage role race owner language.,3/2/2024 13:31,3/2/2024 (Saturday),Weekend,13:31:41,Afternoon,249,327,29,8323,4624,23.87,33,Mature Adults
Instagram,Image,Interest nation significant truth thing discover.,3/2/2024 13:06,3/2/2024 (Saturday),Weekend,13:06:56,Afternoon,100,287,95,1723,1276,48.3,25,Adolescent Adults
Facebook,Link,Work go particular grow sister.,3/2/2024 12:53,3/2/2024 (Saturday),Weekend,12:53:54,Afternoon,133,255,46,5287,1491,16.74,21,Adolescent Adults
Twitter,Image,Heavy quite while although option.,3/2/2024 12:50,3/2/2024 (Saturday),Weekend,12:50:33,Afternoon,534,101,70,8157,2965,71.69,60,Senior Adults
Facebook,Image,Program city red deep choose contain economy.,3/2/2024 12:48,3/2/2024 (Saturday),Weekend,12:48:39,Afternoon,994,153,101,4939,2052,42.99,28,Adolescent Adults
Instagram,Link,A right will.,3/2/2024 12:05,3/2/2024 (Saturday),Weekend,12:05:56,Afternoon,144,249,79,3973,2040,30.89,32,Mature Adults
Twitter,Image,Song see major world join.,3/2/2024 11:53,3/2/2024 (Saturday),Weekend,11:53:17,Morning,284,446,188,8796,3273,19.69,64,Senior Adults
Instagram,Image,Tax various several attack drug anyone.,3/2/2024 11:31,3/2/2024 (Saturday),Weekend,11:31:01,Morning,301,423,100,4450,1219,25.97,25,Adolescent Adults
Instagram,Link,Tv because tonight reduce if away notice purpose.,3/2/2024 11:29,3/2/2024 (Saturday),Weekend,11:29:54,Morning,631,45,123,4057,906,12.15,37,Mature Adults
Twitter,Image,Art put religious office against.,3/2/2024 11:07,3/2/2024 (Saturday),Weekend,11:07:03,Morning,341,109,125,7947,1299,64.1,19,Adolescent Adults
Facebook,Link,Day culture Mr perform medical behavior best.,3/2/2024 11:02,3/2/2024 (Saturday),Weekend,11:02:59,Morning,418,249,105,4525,1854,40.91,19,Adolescent Adults
LinkedIn,Link,Boy sound amount thought I statement.,3/2/2024 10:58,3/2/2024 (Saturday),Weekend,10:58:30,Morning,920,264,200,2140,1663,27.7,49,Senior Adults
LinkedIn,Video,Chance discussion impact yourself turn.,3/2/2024 10:36,3/2/2024 (Saturday),Weekend,10:36:14,Morning,46,476,45,4096,3489,18.87,51,Senior Adults
Instagram,Image,Student a cup cell develop.,3/2/2024 9:48,3/2/2024 (Saturday),Weekend,9:48:18,Morning,975,29,72,7039,4553,67.96,31,Mature Adults
Facebook,Link,Pass speak leave.,3/2/2024 9:06,3/2/2024 (Saturday),Weekend,9:06:40,Morning,166,124,166,9520,1325,27.98,27,Adolescent Adults
Facebook,Image,Fall various game.,3/2/2024 8:01,3/2/2024 (Saturday),Weekend,8:01:08,Morning,261,264,192,7788,4069,33.32,48,Senior Adults
Twitter,Video,Old public may perhaps remember world son.,3/2/2024 6:45,3/2/2024 (Saturday),Weekend,6:45:01,Morning,544,71,125,4829,2552,83.04,54,Senior Adults
LinkedIn,Image,Practice above around take appear gas.,3/2/2024 6:41,3/2/2024 (Saturday),Weekend,6:41:20,Morning,686,120,2,5914,4008,51.04,42,Mature Adults
Twitter,Video,Amount rest hold.,3/2/2024 6:38,3/2/2024 (Saturday),Weekend,6:38:16,Morning,773,326,118,3415,2359,9.91,50,Senior Adults
LinkedIn,Link,News movement decide purpose military reality.,3/2/2024 6:04,3/2/2024 (Saturday),Weekend,6:04:42,Morning,706,83,112,3674,1213,35.2,63,Senior Adults
Twitter,Video,Down fish physical financial wide.,3/2/2024 5:52,3/2/2024 (Saturday),Weekend,5:52:44,Night,2,219,87,5026,783,32.16,45,Mature Adults
Instagram,Video,Other often table.,3/2/2024 5:48,3/2/2024 (Saturday),Weekend,5:48:58,Night,869,468,71,4169,3372,66.36,32,Mature Adults
Twitter,Video,Company around measure culture.,3/2/2024 4:44,3/2/2024 (Saturday),Weekend,4:44:20,Night,821,149,96,3451,1302,37.16,27,Adolescent Adults
Instagram,Link,Choose sense there detail debate operation.,3/2/2024 3:29,3/2/2024 (Saturday),Weekend,3:29:14,Night,22,322,25,6681,3793,13.73,65,Senior Adults
Twitter,Link,Start front nature property light dark.,3/2/2024 3:26,3/2/2024 (Saturday),Weekend,3:26:27,Night,356,469,90,9010,3660,26.87,49,Senior Adults
Facebook,Image,Sit spend change here town.,3/2/2024 3:04,3/2/2024 (Saturday),Weekend,3:04:52,Night,805,338,72,5952,4072,158.66,30,Adolescent Adults
Facebook,Video,Interview quickly various quickly news someone garden.,3/2/2024 2:59,3/2/2024 (Saturday),Weekend,2:59:45,Night,716,428,48,7407,1718,39.63,32,Mature Adults
Twitter,Link,Become process per while.,3/2/2024 2:52,3/2/2024 (Saturday),Weekend,2:52:55,Night,856,73,125,1437,978,11.34,47,Senior Adults
LinkedIn,Image,Film play can each item allow couple exactly.,3/2/2024 2:37,3/2/2024 (Saturday),Weekend,2:37:10,Night,49,14,95,9863,3659,18.19,48,Senior Adults
Facebook,Video,Black east father girl.,3/2/2024 2:15,3/2/2024 (Saturday),Weekend,2:15:52,Night,822,92,110,1078,1065,43.67,64,Senior Adults
Twitter,Image,Detail board why marriage film save voice.,3/2/2024 1:53,3/2/2024 (Saturday),Weekend,1:53:09,Night,174,380,184,2490,1520,45.14,59,Senior Adults
Twitter,Image,Degree somebody cell nothing me image security realize.,3/2/2024 1:42,3/2/2024 (Saturday),Weekend,1:42:54,Night,816,387,177,8529,3522,26.61,44,Mature Adults
LinkedIn,Image,If all to.,3/2/2024 1:28,3/2/2024 (Saturday),Weekend,1:28:15,Night,571,254,11,3283,1766,9.23,24,Adolescent Adults
LinkedIn,Image,Issue responsibility give.,3/2/2024 0:58,3/2/2024 (Saturday),Weekend,0:58:59,Night,211,71,76,3356,1990,20,22,Adolescent Adults
Instagram,Link,Condition happen better decade southern lose.,3/2/2024 0:45,3/2/2024 (Saturday),Weekend,0:45:41,Night,403,339,197,5466,3659,85.58,18,Adolescent Adults
Facebook,Video,Serious draw admit because candidate control seat.,3/2/2024 0:42,3/2/2024 (Saturday),Weekend,0:42:31,Night,998,274,24,6498,4683,26.96,61,Senior Adults
LinkedIn,Link,Audience brother style produce.,3/2/2024 0:36,3/2/2024 (Saturday),Weekend,0:36:09,Night,198,21,194,5035,1908,86.44,63,Senior Adults
Facebook,Image,Box drug choose arm me ask.,3/2/2024 0:27,3/2/2024 (Saturday),Weekend,0:27:02,Night,550,481,67,4465,2625,19.59,24,Adolescent Adults
Facebook,Video,Environment garden force good win gun source.,3/2/2024 0:18,3/2/2024 (Saturday),Weekend,0:18:47,Night,1000,359,59,7965,2620,128.85,25,Adolescent Adults
Twitter,Image,Government technology child music.,3/1/2024 23:17,3/1/2024 (Friday),Weekend,23:17:56,Night,577,314,192,9372,3413,73.8,57,Senior Adults
Facebook,Link,Appear now music morning member.,3/1/2024 23:11,3/1/2024 (Friday),Weekend,23:11:35,Night,335,169,198,6165,4290,13.08,49,Senior Adults
LinkedIn,Video,Radio city test something glass.,3/1/2024 22:53,3/1/2024 (Friday),Weekend,22:53:34,Night,291,219,83,3438,2013,37.77,55,Senior Adults
Facebook,Link,Your wall lead any.,3/1/2024 22:43,3/1/2024 (Friday),Weekend,22:43:45,Night,239,406,130,6748,1470,29.11,18,Adolescent Adults
LinkedIn,Link,Fire evidence baby usually.,3/1/2024 22:43,3/1/2024 (Friday),Weekend,22:43:15,Night,214,379,28,4846,2445,23.78,27,Adolescent Adults
Instagram,Video,Care late tend today just you.,3/1/2024 22:39,3/1/2024 (Friday),Weekend,22:39:31,Night,676,443,178,6270,3764,60.82,46,Senior Adults
Twitter,Image,As then market view within agreement.,3/1/2024 22:26,3/1/2024 (Friday),Weekend,22:26:30,Night,473,495,179,9494,1801,23.14,62,Senior Adults
Twitter,Link,Heavy develop read film lay.,3/1/2024 21:45,3/1/2024 (Friday),Weekend,21:45:45,Evening,446,327,10,6284,1038,28.05,45,Mature Adults
Instagram,Link,Just might language idea answer data idea.,3/1/2024 21:03,3/1/2024 (Friday),Weekend,21:03:07,Evening,313,417,140,5487,608,67.6,39,Mature Adults
Facebook,Link,Only local seat wife.,3/1/2024 21:00,3/1/2024 (Friday),Weekend,21:00:33,Evening,671,412,186,6577,4988,88.19,40,Mature Adults
Facebook,Video,Exactly small produce cost deal bag year.,3/1/2024 20:54,3/1/2024 (Friday),Weekend,20:54:03,Evening,938,128,132,9873,523,44.26,61,Senior Adults
Facebook,Image,Mr seek book coach.,3/1/2024 20:41,3/1/2024 (Friday),Weekend,20:41:33,Evening,123,27,116,3946,2453,41.64,54,Senior Adults
Facebook,Link,Young whose their probably wind.,3/1/2024 20:31,3/1/2024 (Friday),Weekend,20:31:38,Evening,102,176,116,7038,3282,83.22,28,Adolescent Adults
Facebook,Link,Challenge everyone window whether instead.,3/1/2024 20:25,3/1/2024 (Friday),Weekend,20:25:54,Evening,893,494,126,2843,2682,16.25,58,Senior Adults
Facebook,Video,Because respond everything city full safe.,3/1/2024 20:25,3/1/2024 (Friday),Weekend,20:25:33,Evening,474,286,18,2072,647,23.63,45,Mature Adults
LinkedIn,Image,Operation home stage western investment.,3/1/2024 20:24,3/1/2024 (Friday),Weekend,20:24:03,Evening,515,213,115,9907,4675,34.42,36,Mature Adults
Facebook,Image,Boy tough group.,3/1/2024 19:56,3/1/2024 (Friday),Weekend,19:56:16,Evening,233,314,112,4520,1322,17.62,43,Mature Adults
Instagram,Video,Business necessary meeting own.,3/1/2024 19:47,3/1/2024 (Friday),Weekend,19:47:52,Evening,566,360,153,5093,1607,29,52,Senior Adults
Instagram,Video,Of table usually training you.,3/1/2024 19:29,3/1/2024 (Friday),Weekend,19:29:14,Evening,495,338,115,9191,630,20.16,23,Adolescent Adults
Twitter,Video,Task change site whole popular type.,3/1/2024 19:27,3/1/2024 (Friday),Weekend,19:27:28,Evening,275,30,143,9575,2188,51.59,57,Senior Adults
Twitter,Link,Represent movement beat partner finish reality.,3/1/2024 19:23,3/1/2024 (Friday),Weekend,19:23:29,Evening,784,480,57,6274,4642,74.28,23,Adolescent Adults
Instagram,Link,Purpose concern clearly road lawyer image.,3/1/2024 19:15,3/1/2024 (Friday),Weekend,19:15:26,Evening,678,139,89,3450,1957,39.34,45,Mature Adults
LinkedIn,Link,Along fund adult interest organization drug.,3/1/2024 18:46,3/1/2024 (Friday),Weekend,18:46:42,Evening,554,412,121,4728,2765,41.76,42,Mature Adults
Facebook,Video,Inside easy another low hold.,3/1/2024 18:44,3/1/2024 (Friday),Weekend,18:44:32,Evening,445,244,69,9306,1640,81.87,34,Mature Adults
Instagram,Image,Within benefit account few much identify.,3/1/2024 18:31,3/1/2024 (Friday),Weekend,18:31:33,Evening,650,320,124,6721,2239,9.73,21,Adolescent Adults
Facebook,Image,Car stand huge play them.,3/1/2024 18:18,3/1/2024 (Friday),Weekend,18:18:11,Evening,35,476,51,5169,2699,25,23,Adolescent Adults
Twitter,Link,Major art right recognize work appear.,3/1/2024 18:16,3/1/2024 (Friday),Weekend,18:16:21,Evening,742,189,87,3270,2088,29.84,63,Senior Adults
Facebook,Image,Others water PM record.,3/1/2024 17:37,3/1/2024 (Friday),Weekend,17:37:08,Afternoon,746,227,170,3462,786,69.38,26,Adolescent Adults
Twitter,Video,Customer bar real reveal should new west.,3/1/2024 17:35,3/1/2024 (Friday),Weekend,17:35:06,Afternoon,869,108,22,7473,1051,107.77,56,Senior Adults
Instagram,Image,Material seat because card.,3/1/2024 17:30,3/1/2024 (Friday),Weekend,17:30:18,Afternoon,681,276,15,9752,2903,4.32,25,Adolescent Adults
LinkedIn,Video,Power rich effect agency avoid low represent possible.,3/1/2024 17:09,3/1/2024 (Friday),Weekend,17:09:44,Afternoon,320,104,101,2282,1721,96.15,45,Mature Adults
LinkedIn,Link,Seem drop first choice without your.,3/1/2024 16:20,3/1/2024 (Friday),Weekend,16:20:14,Afternoon,404,299,74,4445,1054,48.55,31,Mature Adults
Facebook,Link,Hard find culture decade.,3/1/2024 16:02,3/1/2024 (Friday),Weekend,16:02:11,Afternoon,571,340,177,2875,2512,39.18,47,Senior Adults
Facebook,Video,Less account call fill bank energy difference field.,3/1/2024 15:58,3/1/2024 (Friday),Weekend,15:58:14,Afternoon,740,39,189,4751,3371,47.34,38,Mature Adults
Twitter,Video,Measure PM way sing poor.,3/1/2024 15:43,3/1/2024 (Friday),Weekend,15:43:07,Afternoon,735,413,172,6482,2958,17.99,35,Mature Adults
Facebook,Image,Lay class attack full.,3/1/2024 15:32,3/1/2024 (Friday),Weekend,15:32:32,Afternoon,211,124,186,3784,2287,25.66,56,Senior Adults
LinkedIn,Video,Analysis institution enough why glass.,3/1/2024 15:11,3/1/2024 (Friday),Weekend,15:11:26,Afternoon,602,496,163,6270,3487,27.67,42,Mature Adults
LinkedIn,Image,Course skin step owner alone over.,3/1/2024 15:00,3/1/2024 (Friday),Weekend,15:00:02,Afternoon,442,5,92,9994,1956,21.65,18,Adolescent Adults
Instagram,Image,What in black.,3/1/2024 14:45,3/1/2024 (Friday),Weekend,14:45:05,Afternoon,514,383,70,5996,3135,41.83,49,Senior Adults
LinkedIn,Video,Me interview grow remember eat including consumer.,3/1/2024 14:40,3/1/2024 (Friday),Weekend,14:40:06,Afternoon,785,294,21,6945,3976,54.12,31,Mature Adults
Twitter,Video,Whose clearly eat best attention conference hair.,3/1/2024 14:36,3/1/2024 (Friday),Weekday,14:36:25,Afternoon,100,464,85,5597,2920,31.73,51,Senior Adults
Instagram,Link,Away country human mention from over.,3/1/2024 14:27,3/1/2024 (Friday),Weekday,14:27:25,Afternoon,228,389,155,5083,816,16.36,37,Mature Adults
Instagram,Link,Issue much over.,3/1/2024 14:24,3/1/2024 (Friday),Weekday,14:24:06,Afternoon,865,302,81,7352,4488,29.46,33,Mature Adults
Instagram,Link,Nor source common beautiful.,3/1/2024 14:11,3/1/2024 (Friday),Weekday,14:11:00,Afternoon,940,329,15,3521,3328,52.72,57,Senior Adults
Twitter,Image,Response once power boy.,3/1/2024 14:09,3/1/2024 (Friday),Weekday,14:09:50,Afternoon,541,401,15,2486,1368,25.4,22,Adolescent Adults
Instagram,Video,Use deep adult speak.,3/1/2024 14:06,3/1/2024 (Friday),Weekday,14:06:56,Afternoon,654,394,65,4832,3610,34.46,18,Adolescent Adults
Facebook,Video,Particular no way civil other.,3/1/2024 13:49,3/1/2024 (Friday),Weekday,13:49:04,Afternoon,943,191,173,8611,3775,63.69,56,Senior Adults
Facebook,Link,Ago concern child most behavior example tell beautiful.,3/1/2024 13:00,3/1/2024 (Friday),Weekday,13:00:07,Afternoon,958,151,82,4818,3800,75.43,26,Adolescent Adults
Facebook,Video,Amount mind sell that over someone stuff section.,3/1/2024 12:56,3/1/2024 (Friday),Weekday,12:56:42,Afternoon,187,33,129,3429,1295,143.09,26,Adolescent Adults
Twitter,Link,High successful enough them.,3/1/2024 12:44,3/1/2024 (Friday),Weekday,12:44:35,Afternoon,819,228,58,1358,1113,25.44,26,Adolescent Adults
Twitter,Video,Issue case strong offer not color soon skin.,3/1/2024 12:35,3/1/2024 (Friday),Weekday,12:35:08,Afternoon,308,45,81,8249,1802,229.06,18,Adolescent Adults
Facebook,Link,Decade those citizen course fine statement great early.,3/1/2024 12:22,3/1/2024 (Friday),Weekday,12:22:08,Afternoon,138,360,109,7287,4417,10.84,28,Adolescent Adults
Instagram,Image,Hospital central article.,3/1/2024 12:08,3/1/2024 (Friday),Weekday,12:08:20,Afternoon,530,384,44,6216,2917,12,48,Senior Adults
Twitter,Link,Little baby town doctor idea today throw manager.,3/1/2024 11:17,3/1/2024 (Friday),Weekday,11:17:32,Morning,462,311,59,1679,1250,56.41,23,Adolescent Adults
Facebook,Link,Record throw wish charge base maybe sort without.,3/1/2024 11:14,3/1/2024 (Friday),Weekday,11:14:41,Morning,333,35,163,3730,2208,120.25,63,Senior Adults
Twitter,Video,Call claim father game dark later card.,3/1/2024 10:58,3/1/2024 (Friday),Weekday,10:58:50,Morning,89,213,179,4553,2791,18.03,39,Mature Adults
LinkedIn,Video,Election far chair specific parent wife.,3/1/2024 10:46,3/1/2024 (Friday),Weekday,10:46:51,Morning,684,131,9,4085,3741,49.85,27,Adolescent Adults
Twitter,Image,Away leg range guy.,3/1/2024 10:28,3/1/2024 (Friday),Weekday,10:28:14,Morning,927,174,187,2798,1339,67.14,56,Senior Adults
Twitter,Link,Mission catch anything yet.,3/1/2024 9:57,3/1/2024 (Friday),Weekday,9:57:57,Morning,623,83,36,5737,2815,150.48,37,Mature Adults
Instagram,Image,Mother serve pretty.,3/1/2024 9:46,3/1/2024 (Friday),Weekday,9:46:00,Morning,293,164,28,8316,2505,20.48,31,Mature Adults
Facebook,Link,Attack participant try no next hear behavior door.,3/1/2024 9:37,3/1/2024 (Friday),Weekday,9:37:02,Morning,75,400,121,9274,2312,28.46,26,Adolescent Adults
LinkedIn,Link,Training song recent floor structure above should.,3/1/2024 9:10,3/1/2024 (Friday),Weekday,9:10:39,Morning,191,101,120,7317,1916,46.3,21,Adolescent Adults
Instagram,Video,Despite if similar hard protect wear.,3/1/2024 8:44,3/1/2024 (Friday),Weekday,8:44:15,Morning,375,271,94,4539,4475,39.31,57,Senior Adults
LinkedIn,Video,Guess his size grow per news.,3/1/2024 8:44,3/1/2024 (Friday),Weekday,8:44:08,Morning,695,440,167,7388,4387,46.22,51,Senior Adults
LinkedIn,Video,Rate television production turn.,3/1/2024 8:40,3/1/2024 (Friday),Weekday,8:40:02,Morning,334,332,138,5546,4860,48.86,26,Adolescent Adults
Twitter,Link,Plant specific its final determine.,3/1/2024 8:27,3/1/2024 (Friday),Weekday,8:27:30,Morning,56,499,187,4168,3819,20.82,52,Senior Adults
Instagram,Image,Report property church ball sing boy discussion.,3/1/2024 8:17,3/1/2024 (Friday),Weekday,8:17:45,Morning,414,240,198,4380,2527,48.75,65,Senior Adults
Instagram,Link,Watch important language realize send.,3/1/2024 8:07,3/1/2024 (Friday),Weekday,8:07:05,Morning,53,355,194,3831,907,145.42,34,Mature Adults
Facebook,Video,In market account specific new wide.,3/1/2024 8:06,3/1/2024 (Friday),Weekday,8:06:50,Morning,271,285,165,5233,4905,95.05,46,Senior Adults
LinkedIn,Image,Be strategy someone collection western everyone government.,3/1/2024 7:38,3/1/2024 (Friday),Weekday,7:38:51,Morning,66,245,64,2163,1337,33.48,33,Mature Adults
LinkedIn,Link,Majority none kid group wonder campaign.,3/1/2024 7:33,3/1/2024 (Friday),Weekday,7:33:48,Morning,50,378,157,9591,2567,30.51,39,Mature Adults
LinkedIn,Image,Among family notice total.,3/1/2024 7:18,3/1/2024 (Friday),Weekday,7:18:09,Morning,142,120,110,6626,1539,73.72,22,Adolescent Adults
Facebook,Video,Plan main agency live save.,3/1/2024 7:10,3/1/2024 (Friday),Weekday,7:10:18,Morning,248,117,94,7228,2663,43.31,38,Mature Adults
Instagram,Video,Administration audience conference benefit.,3/1/2024 7:08,3/1/2024 (Friday),Weekday,7:08:00,Morning,826,483,28,3844,3583,28.72,46,Senior Adults
LinkedIn,Video,Effort wonder seat position future.,3/1/2024 6:54,3/1/2024 (Friday),Weekday,6:54:13,Morning,773,452,63,1230,1037,44.62,61,Senior Adults
LinkedIn,Video,Nothing understand election body piece star relationship.,3/1/2024 6:50,3/1/2024 (Friday),Weekday,6:50:45,Morning,704,76,96,2429,1287,22.78,34,Mature Adults
Twitter,Video,True none threat growth.,3/1/2024 6:40,3/1/2024 (Friday),Weekday,6:40:21,Morning,586,85,133,6292,1573,36.16,49,Senior Adults
LinkedIn,Video,News station city fear half event.,3/1/2024 6:37,3/1/2024 (Friday),Weekday,6:37:53,Morning,341,98,37,9617,1819,27.56,46,Senior Adults
Instagram,Link,Seat message return culture.,3/1/2024 6:04,3/1/2024 (Friday),Weekday,6:04:31,Morning,128,249,55,4867,1945,30.85,30,Adolescent Adults
Twitter,Video,Physical example management eight medical.,3/1/2024 5:59,3/1/2024 (Friday),Weekday,5:59:46,Night,422,242,102,5376,4289,27.67,28,Adolescent Adults
Instagram,Link,Tax form might people interview only meeting language.,3/1/2024 5:57,3/1/2024 (Friday),Weekday,5:57:54,Night,86,3,6,2667,1357,22.23,33,Mature Adults
Instagram,Link,Identify must sell project quality where may better.,3/1/2024 5:37,3/1/2024 (Friday),Weekday,5:37:27,Night,257,165,79,4471,1370,94.61,59,Senior Adults
Facebook,Image,Age foreign everybody explain.,3/1/2024 5:08,3/1/2024 (Friday),Weekday,5:08:52,Night,425,60,96,7418,3119,27.81,43,Mature Adults
Facebook,Link,Public within minute board.,3/1/2024 5:08,3/1/2024 (Friday),Weekday,5:08:50,Night,830,319,176,6330,4945,38.58,54,Senior Adults
Twitter,Link,Resource late region bring letter week least.,3/1/2024 5:02,3/1/2024 (Friday),Weekday,5:02:42,Night,726,291,31,6200,3093,69.96,19,Adolescent Adults
Facebook,Image,Fear mention off activity.,3/1/2024 4:47,3/1/2024 (Friday),Weekday,4:47:06,Night,966,283,107,3908,1739,30.83,63,Senior Adults
Facebook,Video,Pm ground two power surface.,3/1/2024 4:15,3/1/2024 (Friday),Weekday,4:15:38,Night,667,159,103,7823,962,34.62,52,Senior Adults
Instagram,Image,Month receive deal say interest.,3/1/2024 3:31,3/1/2024 (Friday),Weekday,3:31:54,Night,696,123,200,4313,4060,31.34,59,Senior Adults
Facebook,Video,Color item seek player federal consumer.,3/1/2024 3:24,3/1/2024 (Friday),Weekday,3:24:06,Night,2,28,128,6749,2859,26.95,22,Adolescent Adults
Twitter,Link,Experience easy big its hour make nature.,3/1/2024 3:17,3/1/2024 (Friday),Weekday,3:17:56,Night,487,306,4,9704,4038,99.28,41,Mature Adults
Twitter,Video,Your seek describe opportunity action capital peace.,3/1/2024 3:08,3/1/2024 (Friday),Weekday,3:08:17,Night,443,367,85,6973,1878,24.08,40,Mature Adults
LinkedIn,Video,What international impact cost particularly sound past.,3/1/2024 2:56,3/1/2024 (Friday),Weekday,2:56:33,Night,236,138,164,3148,2827,13.74,39,Mature Adults
LinkedIn,Link,Help ball yes space forward quickly.,3/1/2024 2:21,3/1/2024 (Friday),Weekday,2:21:31,Night,171,490,142,7956,3307,32.84,25,Adolescent Adults
Twitter,Link,Fast specific though left.,3/1/2024 2:06,3/1/2024 (Friday),Weekday,2:06:56,Night,129,306,82,6387,763,66.56,39,Mature Adults
Twitter,Link,Expert name spring on.,3/1/2024 1:42,3/1/2024 (Friday),Weekday,1:42:07,Night,254,441,146,4678,2786,24.05,61,Senior Adults
Twitter,Image,Trial hold man find oil.,3/1/2024 1:06,3/1/2024 (Friday),Weekday,1:06:59,Night,779,398,132,7139,2649,17.23,21,Adolescent Adults
Instagram,Link,Responsibility trade morning interest require interest change.,3/1/2024 1:02,3/1/2024 (Friday),Weekday,1:02:50,Night,616,316,125,1974,1731,22.03,18,Adolescent Adults
Facebook,Video,Account believe recently industry wish know.,3/1/2024 0:52,3/1/2024 (Friday),Weekday,0:52:01,Night,781,265,40,1778,1262,96.19,56,Senior Adults
Instagram,Video,Boy walk so half size thought reveal.,3/1/2024 0:31,3/1/2024 (Friday),Weekday,0:31:08,Night,435,215,123,9765,2892,26.36,65,Senior Adults
Twitter,Video,Meeting sit early drive dog room mean decade.,3/1/2024 0:23,3/1/2024 (Friday),Weekday,0:23:57,Night,666,373,82,6701,2272,19.36,65,Senior Adults
Instagram,Image,Table ok whole management respond family fear.,3/1/2024 0:08,3/1/2024 (Friday),Weekday,0:08:42,Night,948,109,20,7483,1158,25.78,33,Mature Adults
